seller_id,seller_zip_code_prefix,seller_city,seller_state
3442f8959a84dea7ee197c632cb2df15,13023,campinas,SP
d1b65fc7debc3361ea86b5f14c68d2e2,13844,mogi guacu,SP
e49c26c3edfa46d227d5121a6b6e4d37,55325,brejao,PE
1b938a7ec6ac5061a66a3766e0e75f90,16304,penapolis,SP
768a86e36ad6aae3d03ee3c6433d61df,1529,sao paulo,SP
ccc4bbb5f32a6ab2b7066a4130f114e3,80310,curitiba,PR
8bd0f31cf0a614c658f6763bd02dea69,1222,sao paulo,SP
e38db885400cd35c71dfd162f2c1dbcf,70740,brasilia,DF
2ff97219cb8622eaf3cd89b7d9c09824,13320,salto,SP
2a1348e9addc1af5aaa619b1a3679d6b,30494,belo horizonte,MG
116ccb1a1604bc88e4d234a8c23f33de,9850,sao bernardo do campo,SP
430315b7bb4b6e4b3c978f9dfa9b0558,4857,sao paulo,SP
406822777a0b9eb5c50e442dd4cd3ec5,18500,tatui,SP
d9a84e1403de8da0c3aa531d6d108ba6,3562,sao paulo,SP
9c690ceacd5c66731bf443ea810195cb,37650,camanducaia,MG
1f9ab4708f3056ede07124aad39a2554,17602,tupa,SP
b2a6d334e2833acea353624840e25a0e,4133,sao paulo,SP
d3674f271c91f824f82d24d92011f669,72233,brasilia,DF
768de2a4fc06aacecb9a586ccc30746a,70645,brasilia,DF
c0f783394e37cd9c9d7f5f81141450fa,13416,piracicaba,SP
8444e55c1f13cd5c179851e5ca5ebd00,37584,congonhal,MG
d71d863e5ef30d94e440c11be17dcd8f,6144,osasco,SP
0c7533c71df861ec58ad7ff999ed0e8d,13270,valinhos,SP
ef990a83bbea832f36ebe81376335aa8,89214,joinville,SC
41e0fa5761c886a630994a55c12087e7,11446,guaruja,SP
0747d5bb69f0586cc869d8af4c50f93e,28990,saquarema,RJ
02ecc2a19303f05e59ce133fd923fff7,9121,santo andre,SP
c013e57c075a06e5b5c48ee03c525719,13568,sao carlos,SP
55f7a3319d80f7fdf078b8f03e6725fe,6056,osasco,SP
2d50d6282f8aa2257819a77bfaa0efe0,14940,ibitinga,SP
b7e1750c1157341d2abd0251e07c186b,5741,sao paulo,SP
b90e891671cffd9557f33a97dc523645,83010,sao jose dos pinhais,PR
a416b6a846a11724393025641d4edd5e,3702,sao paulo,SP
7e93a43ef30c4f03f38b393420bc753a,6429,barueri,SP
ef506c96320abeedfb894c34db06f478,3569,sao paulo,SP
7299e27ed73d2ad986de7f7c77d919fa,38440,araguari,MG
8a9260f2b0340411d6d2a56bcf4f7378,32180,contagem,MG
b2479f944e1b90cf8a5de1bbfde284d6,14940,ibitinga,SP
7722b1df1b0e383e000397b2c11e3e19,9715,sao bernardo do campo,SP
411f3b52d857390502ee4e4d5ceabc2d,9400,ribeirao pires,SP
bba3293d6f5d5af2f415e004e8b93ae3,4726,sao paulo,SP
4e7c18b98d84e05cbae3ff0ff03846c2,14882,jaboticabal,SP
b56906f7fd1696e043f1bcce164c487b,19830,echapora,SP
d650b663c3b5f6fb392b6326366efa9a,6713,cotia,SP
669ae81880e08f269a64487cfb287169,89160,rio do sul,SC
abe42c5d03695b4257b5c6cbf4e6784e,21235,rio de janeiro,RJ
83353a83fd769dfafa4f21a72b15e3e5,5786,sao paulo,SP
709e16e2b25c7474d980076c6bfc4806,16200,birigui,SP
276677b5d08786d5dce7c2149dcce48b,31730,belo horizonte,MG
512d298ac2a96d1931b6bd30aa21f61d,20060,rio de janeiro,RJ
8bb48dc19fccaa8613b6229bf7f452a2,19803,assis,SP
d6b664fa0667064c6d76394e7848d790,14801,araraquara,SP
62760d278921b5f352461620d68a9cee,13320,salto,SP
eb72802c83dc7547529c9546d1a9b8ef,13504,rio claro,SP
1d4587203296c8f4ad134dc286fa6db0,5101,sao paulo,SP
0c8380b62e38e8a1e6adbeba7eb9688c,37410,tres coracoes,MG
37be5a7c751166fbc5f8ccba4119e043,4248,sao paulo,SP
e24d3429d294b2eb200b064ebb035879,3514,sao paulo,SP
44073f8b7e41514de3b7815dd0237f4f,71070,brasilia,DF
75745ef7bc7d4f3ea3380f6f5303f514,70384,brasilia,DF
7b07b3c7487f0ea825fc6df75abd658b,2016,sao paulo,SP
784ba75dd9d20200c4caed3d7a77141a,1040,sao paulo,SP
099095b050cfe8eb1ddff5317587e96e,3322,sao paulo,SP
0ad80de75c811326389cfb1daba7d45e,20261,rio de janeiro,RJ
ea00f977a203ff88adf7057cb7806998,11085,santos,SP
82e0a475a88cc9595229d8029273f045,3417,sao paulo,SP
f0837c8d71434931d9e38e7b79234797,95995,arvorezinha,RS
ebef8d8c92b4fd3226e5d407bbff21ac,14020,ribeirao preto,SP
75a4764c108403a7a0575140cb22287c,95072,caxias do sul,RS
4c498c7345e89aebad651544829beca0,6341,carapicuiba,SP
f021c962aaba8ef6eb527a9c2c8394d1,88301,itajai,SC
02f5837340d7eb4f653d676c7256523a,80620,curitiba,PR
a64e44665225d19dfc0277eeeaaccc57,19400,sao paulo,SP
6a8a889bde935bafa76d7848782dfaf9,2839,sao paulo,SP
229c3efbfb0ea2058de4ccdfbc3d784a,30190,belo horizonte,MG
95ec4458365c4d11f452ccf538377619,13481,limeira,SP
fa40cc5b934574b62717c68f3d678b6d,2310,sao paulo,SP
aaed1309374718fdd995ee4c58c9dfcd,89120,timbo,SC
11d4c477d09821164bca4f70a2eae031,14075,ribeirao preto,SP
d1c7fa84e48cfa21a0e595167c1c500e,99730,jacutinga,RS
5abb8ea023c77787f2c15da891c8d384,89228,joinville,SC
817245bcc3badd82bbd222e0366951a6,17056,bauru,SP
caa9bc43a9fe8cf9c564ddd8a03cc4a6,12308,jacarei,SP
615005a3ef192c00c6f0e977cee3d2bc,13304,itu,SP
7178f9f4dd81dcef02f62acdf8151e01,89560,videira,SC
3f995f07c49d0d55a99d5c54957f7d81,6853,itapecerica da serra,SP
3db66a856d18a9cba7c9241fc5221c50,35430,ponte nova,MG
10ff823eda2b032e2c93d17a7d294736,17280,pederneiras,SP
b4a476fbd28de64b1e347abf9089366a,6653,itapevi,SP
14a08204d03bb6b6bde8029f801ae0eb,1026,sao paulo,SP
657969cca82e884d272385ec0ef06edd,93608,estancia velha,RS
3d621842b2ed28e2b474132480edac3c,8041,sao paulo,SP
a17f621c590ea0fab3d5d883e1630ec6,18055,sorocaba,SP
d6b1ce66b035a475f00c017792ff9769,13327,salto,SP
ececbfcff9804a2d6b40f589df8eef2b,14407,franca,SP
7d13fca15225358621be4086e1eb0964,14050,ribeirao preto,SP
1b4c3a6f53068f0b6944d2d005c9fc89,88730,sao ludgero,SC
b92e3c8f9738272ff7c59e111e108d7c,36502,uba,MG
b8555308bfdb4ca1ed54325a58da9a97,9751,sao bernardo do campo,SP
1dc2de47ee26a0a5b12dc14fd6dc0dea,14940,ibitinga,SP
66d5ae34537110d3affc56174dad2b2f,15062,sao jose do rio preto,SP
4917cee8d902e13428c3ec4b1ca6f315,89031,blumenau,SC
5011f0d93373a4c5753adf58ca77af8d,11013,santos,SP
50c9975695009e5e6473912e83a6d1da,35530,claudio,MG
7aa4334be125fcdd2ba64b3180029f14,18500,laranjal paulista,SP
b14db04aa7881970e83ffa9426897925,18048,sorocaba,SP
fac1a9017ade7bdc94058fc1c969f355,1126,sao paulo,SP
a3e9a2c700480d9bb01fba070ba80a0e,14940,ibitinga,SP
516e7738bd8f735ac19a010ee5450d8d,22230,rio de janeiro,RJ
9f505651f4a6abe901a56cdc21508025,4102,sao paulo,SP
7142540dd4c91e2237acb7e911c4eba2,16301,penapolis,SP
c04d70d515d15a7e3db3a73320598566,24020,niteroi,RJ
a3a38f4affed601eb87a97788c949667,89204,joinville,SC
744dac408745240a2c2528fb1b6028f3,83408,colombo,PR
9b013e03b2ab786505a1d3b5c0756754,11450,vicente de carvalho,SP
8b9d6eec4a7eb7d0f9d579ce0b38324d,26562,mesquita,RJ
38e679b9e0064cd94c6f035707344dae,86010,londrina,PR
83deb69e889cf80f82be1dc6d5f2d486,88056,florianopolis,SC
79ebd9a61bac3eaf882805ed4ecfa12a,85802,cascavel,PR
5f3ae9136c875522250f8184f253413a,1550,sao paulo,SP
8e6d7754bc7e0f22c96d255ebda59eba,12233,sao jose dos campos,SP
92c8bc6e8f925792247656fed09aad65,3384,sao paulo,SP
cbd996ad3c1b7dc71fd0e5f5df9087e2,15081,sao jose do rio preto,SP
8daab2245ebdc277c51098d01c5ad8ef,8411,sao paulo,SP
e067ad2c1c0b48758eb1b5228bcf7a68,11045,santos,SP
f1fd5ab1181f827ffad998c1a5de7d74,80010,curitiba,PR
6b1c4d4d9ccf0be3d8544eb0e71e5318,91130,porto alegre,RS
4e85b538b0dad58852641540686d0e14,12238,sao jose dos campos,SP
3c010235b7345c92f125d14ee232a76b,83800,mandirituba,PR
cb9fb4ca75d7ba8437480e8dde64fe98,3551,sao paulo,SP
ce33c6211beaa8fef4cae8b52db39862,8655,suzano,SP
6989574bd97d9773f10d232b6c07da59,80040,curitiba,PR
6d803cb79cc31c41c4c789a75933b3c7,14600,sao joaquim da barra,SP
5f2684dab12e59f83bef73ae57724e45,5125,sao paulo,SP
713e3a23ca5e47786eb6f0d99f94cfac,81050,curitiba,PR
8b321bb669392f5163d04c59e235e066,1212,sao paulo,SP
76d64c4aca3a7baf218bf93ef7fa768d,80215,curitiba,PR
ec80e49e69745ab6c14f984bf2149423,13480,limeira,SP
004c9cd9d87a3c30c522c48c4fc07416,14940,ibitinga,SP
3bdff180c7e1f6551a643b99c265a120,4811,sao paulo,SP
6b89abe95848c850399130d149a39b63,75640,piracanjuba,GO
aced59e9b31ef866a94f9e7f29d8d418,3306,sao paulo,SP
b4f8921fcc4ff77b66bea6dda43dcd51,95034,caxias do sul,RS
c731d18cea9bf687ffee82a241c25b11,89701,concordia,SC
c42fd8e4d47dfb18ce5222f2dd7752f9,6246,osasco,SP
671585f5a2af58b6e276bc01003c0d2b,80510,curitiba,PR
5bffbafbb22daf6d3bfc216a46db8708,26525,nilopolis,RJ
822b63912576852aea9a8436d72317b7,13840,mogi guacu,SP
87d30a6a0cbf89356e49324971ab1d24,2036,sao paulo,SP
aba1721a889e04decc910aa13b768ef4,5729,sao paulo,SP
cab85505710c7cb9b720bceb52b01cee,2252,sao paulo,SP
33cbda8716511e27e556dff9d8418bf2,89052,blumenau,SC
6cd68b3ed6d59aaa9fece558ad360c0a,31255,belo horizonte,MG
3df020b72d3d44b3af9d110fa3940b65,15704,jales,SP
537eb890efff034a88679788b647c564,20270,rio de janeiro,RJ
89de2d6f23e9746ff309705b23581faa,86060,londrina,PR
3bfba5a77604f6dfae7e6dd7aaf65821,86046,londrina,PR
955fee9216a65b617aa5c0531780ce60,4782,sao paulo,SP
751bdc4d83a466c7206cd42e8f426b03,9405,ribeirao pires,SP
2f4b0d3b9634b647d4edee577d7ebb7e,2310,sao paulo,SP
6e386f64c84e482f0b9abf960797ee1b,1539,sao paulo,SP
83c465a786b06574376909b35ef6752a,13560,sao carlos,SP
ac51cac5e20d69ff485a54746488ef48,14096,ribeirao preto,SP
d3f39f05462b79a4562d35893a28f159,13730,mococa,SP
0176f73cc1195f367f7b32db1e5b3aa8,14940,ibitinga,SP
01cf7e3d21494c41fb86034f2e714fa1,85603,francisco beltrao,PR
ceaec5548eefc6e23e6607c5435102e7,3821,sao paulo,SP
2d42ebcda99fd55f6f4bc2f1ca035d50,76400,uruacu,GO
e9bc59e7b60fc3063eb2290deda4cced,87083,maringa,PR
6f229cc508fc6915ed5c499efd93baa4,21931,rio de janeiro,RJ
b0b346d3a89f5eb4c2968af3f083cd43,13105,campinas,SP
a0415d9b25ede3c4b1e477e9916ffc03,26255,nova iguacu,RJ
6ddc28b61be28373b4503a1f61cf98a9,3543,sao paulo,SP
c5ebe6598748b0aeaa61cfb820478b92,95910,lajeado,RS
cb8bcce248bb1fb274ba762d8b971456,37540,santa rita do sapucai,MG
610f72e407cdd7caaa2f8167b0163fd8,1201,sao paulo,SP
b6d44737c043328708f6749c2dbe50bd,9230,santo andre,SP
972d0f9cf61b499a4812cf0bfa3ad3c4,88359,brusque,SC
d90fe2229fee1a5da999ccd0c06c1667,3416,sao paulo,SP
5b2e94f2c22b39ccc24d34ad0f669672,1214,sao paulo,SP
cfb1a033743668a192316f3c6d1d2671,18110,votorantim,SP
f326006815956455b2859abd58fe7e39,15601,fernandopolis,SP
6a51fc556dab5f766ced6fbc860bc613,17500,marilia,SP
d1ef48b38baca7e831711c4a0aeb398f,86800,apucarana,PR
259f7b5e6e482c230e5bfaa670b6bb8f,8550,poa,SP
dd7ddc04e1b6c2c614352b383efe2d36,3471,sao paulo,SP
f457c46070d02cadd8a68551231220dd,87047,maringa,PR
1f50f920176fa81dab994f9023523100,15025,sao jose do rio preto,SP
2b1a40c1daabc6ca280c4b815c101841,35500,divinopolis,MG
2ba91c7ad80ff88b23b7db823b43c233,13310,itu,SP
3d0cd21d41671c46f82cd11176bf7277,89217,joinville,SC
d93919c944be9cff128f6c9cb899eacb,13375,mombuca,SP
f7ba60f8c3f99e7ee4042fdef03b70c4,9628,sao bernardo do campo,SP
002100f778ceb8431b7a1020ff7ab48f,14405,franca,SP
5bc24d989e71e93c33e50a7782431b0e,37165,campo do meio,MG
36f98ad67cc981f50ce8aed093d5783c,85904,toledo,PR
6eb94e1466490d327a09abf8f3552a50,13219,jundiai,SP
c4fabeea6e569d42d02993bb1f4f1cbc,60741,fortaleza,CE
6a38087bc8ad4f89ff453561005f6dea,75123,anapolis,GO
4e5725ba188db8252977a4f0227bd462,14092,ribeirao preto,SP
f84a00e60c73a49e7e851c9bdca3a5bb,20756,rio de janeiro,RJ
e5a38146df062edaf55c38afa99e42dc,1233,sao paulo,SP
62c50c1af4dfdc4149d25c5222043d39,4782,sao paulo,SP
4de6e4ba574aa9dfdc824bc44dc47fdd,83402,colombo,PR
f45122a9ab94eb4f3f8953578bc0c560,13419,piracicaba,SP
7901646fdd36a55f564ffaf2dbccaaf7,20021,rio de janeiro,RJ
6481e96574816ead57975da2c0f6d80d,18072,sorocaba,SP
e8dba4d70f7f2b20e775d09cae01142d,13456,santa barbara d oeste,SP
b6dc74ed30f124f95227bed4e43a3bed,86702,arapongas,PR
48436dade18ac8b2bce089ec2a041202,27277,volta redonda,SP
8ed8ea9a57c862f2c18c2fe41f601d56,89030,blumenau,SC
69b5eaa096c3f9d1e5c398c597f567d6,16200,birigui,SP
1554a68530182680ad5c8b042c3ab563,37580,monte siao,MG
152ee17e4c8aaf53dac99f3462e4999b,89248,garuva,SC
ede0c03645598cdfc63ca8237acbe73d,14092,ribeirao preto,SP
ef0ace09169ac090589d85746e3e036f,24451,sao goncalo,RJ
ed8cb7b190ceb6067227478e48cf8dde,11015,santos,SP
562f8cfc51f265411f487d07e9c40e7f,30575,belo horizonte,MG
97e4a63591ca439a2b8b7efd20e6e19e,20520,rio de janeiro,RJ
87142160b41353c4e5fca2360caf6f92,90230,porto alegre,RS
289cdb325fb7e7f891c38608bf9e0962,31570,belo horizonte,SP
11305281b50fff20ae8bb473f8e11876,36500,uba,MG
9d681c7e12db302cb261e721040dde65,80330,curitiba,PR
fa1c13f2614d7b5c4749cbc52fecda94,13170,sumare,SP
bf100ecb7997df312b285358fb32f92c,83070,sao jose dos pinhais,PR
3504c0cb71d7fa48d967e0e4c94d59d9,9350,maua,SP
638cba8be1fb599bbb76fd6948351eb3,12242,sao jose dos campos,SP
fbc14c0cf93505ef89f64665ffa4a7b5,14150,serrana,SP
c3ee2331a724e6fc02c4b698b57a73f3,5108,sao paulo,SP
df47da4ae86fa4db890d05aaf24e21d8,4360,sao paulo,SP
e644cbadf7eeb30d0d29f335ce7d52ec,3029,sao paulo,SP
34d1ca11b242c0fee2c834ae8d788566,36415,congonhas,MG
96493fab2fbb13a14d0c0e8772eef5c3,5537,sao paulo,SP
d4ffeb15b67e81ff9af2b4252d99fb7e,12943,atibaia,SP
7c1fea10b5b006671d608b1d7c446ec4,18550,boituva,SP
99eaacc9e6046db1c82b163c5f84869f,14400,franca,SP
d98eec89afa3380e14463da2aabaea72,90010,porto alegre,RS
23613d49c3ac2bd302259e55c06c050c,13660,porto ferreira,SP
93b9a99027bd8bd6af682aff18dd19bf,7600,mairipora,SP
7ecef8194babfec876ca720714327841,13041,campinas,SP
30829ded4523ab9224b93bc49a62c95f,95360,parai,RS
5075aaa8404020ae6aa8bf4792099b41,37706,pocos de caldas,MG
d354c38a7182125a748cb10474fe963b,28495,aperibe,RJ
c3cfdc648177fdbbbb35635a37472c53,80610,curitiba,PR
1ce3ae5a399804d1a87e706f8a813c3e,88715,jaguaruna,SC
2138ccb85b11a4ec1e37afbd1c8eda1f,8250,sao paulo,SP
ef30892870c278497523264be1be2241,14801,araraquara,SP
d5b9a084373da994a6e37f732169a853,9182,santo andre,SP
f46490624488d3ff7ce78613913a7711,7194,guarulhos,SP
db46ca7bce82b11f7e247539271fc390,23080,rio de janeiro,RJ
ad420dd0c4f92f8af951ac24b86d0cf5,38230,fronteira,MG
e8b4225284fbb02d16f200513f1f395d,14960,novo horizonte,SP
f61c63d13f7cd800549d5acdd390ae72,18185,pilar do sul,SP
c8b0e2b0a7095e5d8219575d5e7e1181,8598,itaquaquecetuba,SP
160e4f13fd3a64b1b86807be88b5ffb0,83409,colombo,PR
391fc6631aebcf3004804e51b40bcf1e,14940,ibitinga,SP
33cbbec1e7e1044aaf11d152172c776f,95705,bento goncalves,RS
e59aa562b9f8076dd550fcddf0e73491,82810,curitiba,PR
e84ad2127668df3aafc6b73531a0beb8,4613,sao paulo,SP
e9779976487b77c6d4ac45f75ec7afe9,11701,praia grande,SP
6b90f847357d8981edd79a1eb1bf0acb,7152,guarulhos,SP
73a63f72308aa20a46f4b1632018f196,82510,curitiba,PR
f62d7bb4a613ec758a03342d46b580b2,36570,vicosa,MG
7c5b05cbdb5542049f38d90d7815b97d,5201,sao paulo,SP
db4350fd57ae30082dec7acbaacc17f9,3126,sao paulo,SP
6426d21aca402a131fc0a5d0960a3c90,14091,ribeirao preto,SP
8a432f4e5b471f8da497d7dc517666e2,19042,presidente prudente,SP
c092292535a57dacd95a8765f5518f87,26600,paracambi,RJ
20a8b0dc55da94fe74d112082427c84f,13312,itu,SP
bfd27a966d91cfaafdb25d076585f0da,13930,serra negra,SP
04e38a233f726ef161074ab1c9b0399a,1239,sao paulo,SP
7ade73f1b9b4e965f9009a4c3a7e2c15,17051,bauru,SP
d9d43faf741ceaa8da52fdbb81d9e0e3,36010,juiz de fora,SP
c03121937e54a93fcc1825c3098bbb6e,82800,curitiba,PR
1690cada046eb7e92c12f98b1f8a8167,1303,sao paulo,SP
42b729f859728f5079499127a9c2ef37,3910,sao paulo,SP
179d859f51292aac5c10806a356f7af9,9411,ribeirao pires,SP
6806dad1da97bfb5a9038eac6881f706,83280,guaratuba,PR
47efca563408aae19bb7206c2d969ea9,64033,teresina,PI
71271995e85f5b8530be99ed54a91b89,91360,porto alegre,RS
9c0e69c7bf2619675bbadf47b43f655a,12230,sao jose dos campos,SP
52f976b17ea7f2f087f56dcc419328f6,86820,california,PR
3586b8580d9c917874e053a1bb37b5ff,14802,araraquara,SP
6edacfd9f9074789dad6d62ba7950b9c,7135,guarulhos,SP
3e8bd881d92466e63ba9e3e809cd3c50,20751,rio de janeiro,RJ
334cab711dee080b079fa5779b584783,9190,santo andre,SP
ccf8813e5a7d6c84d865cd38bfc2b130,12080,taubate,SP
8d956fec2e4337affcb520f56fd8cbfd,9780,sao bernardo do campo,SP
e5a3438891c0bfdb9394643f95273d8e,13483,limeira,SP
5058e8c1e82653974541e83690655b4a,8583,itaquaquecetuba,SP
9674754b5a0cb32b638cec001178f799,4438,sao paulo,SP
dfa0c4c6229ab200a4a1336b4d7128ff,88085,florianopolis,SC
54583ab379489add547fe47b628db589,9810,sao bernardo do campo,SP
6c7d50c24b3ccd2fd83b44d8bb34e073,19025,presidente prudente,SP
3faf68a3b0af94b10bac70d86077be49,13825,holambra,SP
5cbbd5a299cab112b7bf23862255e43e,83324,pinhais,PR
ca3bd7cd9f149df75950150d010fe4a2,4361,sao paulo,SP
323ce52b5b81df2cd804b017b7f09aa7,3306,sao paulo,SP
ba90964cff9b9e0e6f32b23b82465f7b,7140,guarulhos,SP
20d83f3ef0e6925fd74bfd59170babf7,2804,sao paulo,SP
fe1bbc5feda5c8979a8a1b3b2512d5a6,38680,arinos,MG
23a0ffca143a15b9b5bbdb7d552f626a,13520,sao pedro,SP
32b8764b4ef628b53608fc34011fcc13,88504,lages,SC
e7df4cd29ab5abab70fb0783ddb53987,4122,sao paulo,SP
0432ead42b6c8a0bdf68154add917fdf,9320,maua,SP
2a261b5b644fa05f4f2700eb93544f2c,13660,porto ferreira,SP
f680f85bee2d253556ac91be391d2c82,6365,carapicuiba,SP
3785b653b1b82de85ab47dd139938091,85640,ampere,PR
7ea5bfa6c340f58f8e71fc1f0412b0d6,30180,belo horizonte,MG
bd697db56ff8e7c9cd1abeb7f72029b2,3533,sao paulo,SP
1a3df491d1c4f1589fc2b934ada68bf2,89224,joinville,SC
e81e1f9c3e762e620f3fb60a51499e16,89520,curitibanos,SC
4170f6a9367e6b5d6401d03ce6d54569,71906,brasilia df,DF
6560211a19b47992c3666cc44a7e94c0,5849,sao paulo,SP
70b52a4cfc823994561b00bad161b4ed,2727,sao paulo,SP
718539d38d07dd351c76db862760e2e2,13088,campinas,SP
0b90b6df587eb83608a64ea8b390cf07,87025,maringa,PR
8a87611c08849ffeeccab52aa798b6c7,82940,curitiba,PR
20a7efa9721046319bdde5d60b6b5365,88790,laguna,SP
febab0275244b9a49a623f0bd613ca2f,13920,pedreira,SP
f3da5b2ff499efb8d4a6d371d175d7dd,2407,sao paulo,SP
d97df38225e5abadaff1e72cb72b823c,9560,sao caetano do sul,SP
a420f60ff1aa9acc80d0e42959f2b313,5138,sao paulo,SP
916748bc99315c2d202898ae58b1617e,18040,sorocaba,SP
bc2ac6b95e1accce9858528ee566c17e,13085,campinas,SP
ad97a199236354e53fcd91a5a913e9a2,88350,brusque,SC
c8665a4dd081a2c436b1cd921079d0d9,14750,pitangueiras,SP
fde0cc9ea29c8ccfc0a2c22256a58c71,81650,curitiba,PR
e63e8bfa530fb16910dd6956e592bb81,7160,guarulhos,SP
2646baaf662d4d92ac48f047e35db92d,3303,sao paulo,SP
13fa2a6c6b9d0f43cb588d7c82117a12,3567,sao paulo,SP
5343d0649eca2a983820bfe93fc4d17e,9270,santo andre,SP
e4ebd3f87bf70440014f07ddda7fbe03,19470,presidente epitacio,SP
33a17d60c64393351ebf1ef860f4e0f2,91510,porto alegre,RS
640e21a7d01df7614a3b4923e990d40c,14940,ibitinga,SP
d57e18d5f73c7ccb7f7339b61166898d,3613,sao paulo,SP
dd2bdf855a9172734fbc3744021ae9b9,31255,belo horizonte,MG
079d295dcbf06ee8bb1b65ba964eb2b6,2124,sao paulo,SP
3f8247d0f772ffa58560e5c682521ad5,89211,joinville,SC
4aba391bc3b88717ce08eb11e44937b2,45816,arraial d'ajuda (porto seguro),BA
715bbd5ba4e6b74cb0d2f29eb45058b0,13930,serra negra,SP
1430239a858e7682bbc43b20758af153,4087,sao paulo,SP
4c18691b6037662be2df78a765d98ab5,3167,sao paulo,SP
6b536a23086fba0d58c08d68814397f6,24346,niteroi,RJ
95f83f51203c626648c875dd41874c7f,37564,borda da mata,MG
6b243f80ed07b10f0e8aa0f21a205f3c,81825,curitiba,PR
2089a6d640999f9b9141ac719b2af596,13566,sao carlos,SP
3969863bb8af7f72580b3b1ffd3a17b3,3550,sao paulo,SP
b32be1695eb7ec5f10f72d9610a12527,95012,caxias do sul,RS
b94cc9f10ddc85e4ba73a6f7974e7101,27930,macae,RJ
53243585a1d6dc2643021fd1853d8905,42738,lauro de freitas,BA
6df688df543f90e9b38f4319e75a9d88,31230,belo horizonte,MG
72c38a04bd6a1c3dbc5298425a0db86d,85804,cascavel,PR
b1fecf4da1fa2689bccffa0121953643,79107,campo grande,MS
7b1222c3624aa89b9558b50a2594188c,15041,sao jose do rio preto,SP
b33aaadd1a8891d2dfef0c4c3bdf0371,13481,limeira,SP
5d9dc90a686a8fddacffab6bab5653a3,6513,santana de parnaiba,SP
dee656f0f566ed1aa85bd137c943f08f,12701,cruzeiro,SP
d673a59aac7a70d8b01e6902bf090a11,14940,ibitinga,SP
f3b80352b986ab4d1057a4b724be19d0,71200,brasilia,DF
ffeee66ac5d5a62fe688b9d26f83f534,15130,mirassol,SP
ed4311e67debd72b8610a5347a743087,7170,guarulhos,SP
f52c2422904463fdd7741f99045fecb6,9230,santo andre/sao paulo,SP
1354d51653f645349064725ed204e85e,1230,sao paulo,SP
5b664594895aefb418afaee6d40a9a23,25750,petropolis,RJ
bf00385a5f7fc1ef39a13c2e9ee50a5f,1224,sao paulo,SP
391bbd13b6452244774beff1824006ed,13082,campinas,SP
ec4608a1f76453166bb312b2968aeaf4,13660,porto ferreira,SP
cd68562d3f44870c08922d380acae552,14050,ribeirao preto,SP
082e0bf4cb865a6533b1e8e498cc0255,18608,botucatu,SP
41da412d33e8da4f22baf55cb1bde82c,29260,domingos martins,ES
d594982fd877af63ace38ea1fca27c76,1031,sao paulo,SP
5bc55dbe2f12b6af6d83ed46023e0dc8,35170,coronel fabriciano,MG
723cd880edaacdb998898b67c8f9da30,14940,ibitinga,SP
00ee68308b45bc5e2660cd833c3f81cc,3333,sao paulo,SP
1fbe10c70e30765ed1de86d9f7e98409,9320,maua,SP
001e6ad469a905060d959994f1b41e4f,24754,sao goncalo,RJ
701938c450705b8ae65fc923b70f35c7,15014,s jose do rio preto,SP
f5f1f2c5f923f36ad79ea1d07185ddc9,19820,taruma,SP
59b22a78efb79a4797979612b885db36,38414,uberlandia,MG
ea8482cd71df3c1969d7b9473ff13abc,4160,sao paulo,SP
5b925e1d006e9476d738aa200751b73b,4567,sao paulo,SP
fe2032dab1a61af8794248c8196565c9,13030,campinas,SP
1c56ffe0e9dea2657fc6e95b53f40b13,13575,sao carlos,SP
e0a366315b1b726b6c7832d664c0f530,2258,sao paulo,SP
cd6efc47efaabf134f8bdb654e10b4f1,23050,rio de janeiro,RJ
2a7c6c0b0d5efde2bf75ec1e1cec2d41,87015,maringa,PR
4e17c65a516f69d023a2ae78b84f28d6,8673,suzano,SP
a8739afb32aaa45e01815ca76f76f54b,9850,sao bernardo do campo,SP
e3d3b3efac954a60d61be70b7e05b49b,3370,sao paulo,SP
33ac3e28642ab8bda860a2f693000e78,6717,cotia,SP
18a349e75d307f4b4cc646a691ed4216,1319,sao paulo,SP
a72c2f59332659e361d647515c698798,95270,flores da cunha,RS
b55638ad525e906c698fa2ce742c1742,88780,imbituba,SC
be9a160a9011f627c3e121d076c1ec7b,89256,jaragua do sul,SC
12b9676b00f60f3b700e83af21824c0e,95780,montenegro,RS
ef2fbc2b607d8492bcffe657a4645434,20051,rio de janeiro,RJ
8fdca8e349553f99bc738833a62c8802,2189,sao paulo,SP
f918546be4bec7104d117789ba758b2b,5634,sao paulo,SP
4091f77d8c768fc3e81c20761471761d,3059,sao paulo,SP
612170e34b97004b3ba37eae81836b4c,93542,novo hamburgo,RS
2a84855fd20af891be03bc5924d2b453,30111,belo horizonte,MG
6ba4733aa33f6386e9fb0c0fd3993b38,95560,torres,RS
4b39558c138930b9e5489c93b6df5fe3,49055,aracaju,SE
4b9750c8ad28220fe6702d4ecb7c898f,13484,limeira,SP
2059c39f76271d4ca3f15b5ffaccc8b8,81930,curitiba,PR
5a05a16bb50629ee31afab8a6d4c2674,95076,caxias do sul,RS
edb65fe661681b1c0de8bd47c8655855,8111,sao paulo,SP
8cbac7e12637ed9cffa18c7875207478,89254,jaragua do sul,SC
fdb9095204a334cd8872252ffec6f2db,3331,sao paulo,SP
aae3bfea055532c57fb453ed3ec80b30,9271,santo andre,SP
866558b3bccef2dbc6d29a2b5995016f,86706,arapongas,PR
cb5df0dcb9e280b1780e9d589889f2c7,15115,bady bassitt,SP
271c58a1d139c45eaf3316107c6d3a3b,3632,sao paulo,SP
2dee2ce60de9709b1a24083217181a1f,78552,sinop,MT
f84fa566034f5e8e880a07ec624c56af,13330,indaiatuba,SP
b1ac6ea7895bc3dd6f0f6f4abbdd2821,92030,canoas,RS
9f50216bfd01913736a55a11b55ea842,12020,taubate,SP
2d518637f53161b973e01f56ea4bb88e,2992,sao paulo,SP
aafe36600ce604f205b86b5084d3d767,88115,sao jose,SC
f4c4daa86e30c7e5a553a8d518ac03a5,85801,cascavel,PR
6c1b6d0c604b776f844125f911eb7377,5051,sao paulo,SP
a888faf2d1baececa6baf9c3d603ee1f,87502,umuarama,PR
31be790e64fc99f8ff48ec2bd18a3104,9690,sao bernardo do campo,SP
41b39e28db005d9731d9d485a83b4c38,9220,santo andre,SP
609e1a9a6c2539919b8205cf7c4e6ff0,88359,brusque,SC
c79151301b9d90985d1fa52879213105,87083,maringa,PR
001cca7ae9ae17fb1caed9dfb1094831,29156,cariacica,ES
2eb70248d66e0e3ef83659f71b244378,13101,campinas,SP
6061155addc1e54b4cfb51c1c2a32ad8,13043,campinas,SP
c6bda72e4dbf5c5866b13cb1810c6d03,3087,sao paulo,SP
cd06602b43d8800bd0afad514919d35c,4119,sao paulo,SP
365e4bce19bda0082c3d15d83fdb8bcd,9570,sao caetano do sul,SP
e882b2a25a10b9c057cc49695f222c19,25963,teresopolis,RJ
9baf5cb77970f539089d09a38bcec5c3,13330,indaiatuba,SP
f4a04f7be452aa3bb31760bf00055dd0,9010,santo andre,SP
dbc22125167c298ef99da25668e1011f,37564,borda da mata,MG
bc302730ea8cf49b5c74f579febb5bbf,13015,campinas,SP
048c2757535328e0d7dac690ad3c0aae,14406,franca,SP
b127efdabeffb5d559349c7b172eb75d,4308,sao paulo,SP
951e8cef368f09bb3f3d03c00ca4702c,14940,ibitinga,SP
d91fb3b7d041e83b64a00a3edfb37e4f,11704,praia grande,SP
3d5d0dc7073a299e31fa718ce1bc00b6,22785,rio de janeiro,RJ
688756f717c462a206ad854c5027a64a,7094,guarulhos,SP
9b00ed88b7fdb95d6ff76e27c1b52d16,8215,sao paulo,SP
4be6b962d83299498bae2190f95d6566,13561,sao carlos,SP
c864036feaab8c1659f65ea4faebe1da,83605,campo largo,PR
ba143b05f0110f0dc71ad71b4466ce92,2274,sao paulo,SP
4e0d109ccfba9a1151c103049880c857,25550,sao joao de meriti,RJ
5f5b43b2bffa8656e4bc6efeb13cc649,4880,sao paulo,SP
7bcd7c5f8631701474db233ccf1c094b,2047,sao paulo,SP
d9bd94811c3338dceb4181f3dbc0c73e,4186,sao paulo,SP
dbd66278cbfe1aa1000f90a217ca4695,5588,sao paulo,SP
e7d5b006eb624f13074497221eb37807,9291,santo andre,SP
c7fdb77fdbff3c41981bc52f787e959e,9111,santo andre,SP
63b464dbf392c7b80d12d932fa7cafed,2034,sao paulo,SP
9c068d10aca38e85c50202e17b4a7e88,79400,coxim,MS
7c67e1448b00f6e969d365cea6b010ab,8577,itaquaquecetuba,SP
66dc1b1632bd6a3e508510c5b3492107,17210,jau,SP
b335c59ab742f751a85db9c411a86739,38442,araguari,MG
01fdefa7697d26ad920e9e0346d4bd1b,86050,londrina,PR
43f8c9950d11ecd03a0304a49e010da6,6341,carapicuiba,SP
4450bd8327d471c4a11a83d1445b1b62,6714,cotia,SP
257e61d3251fb5efb9daadddbc2cf7ca,86804,apucarana,PR
5d76d80a2f5f39c891b996a1bf4c9853,5727,sao paulo,SP
c60b801f2d52c7f7f91de00870882a75,7174,guarulhos,SP
eeb6de78f79159600292e314a77cbd18,88501,lages,SC
4bf2f4ee540798a61f9636d12cd9cc80,19814,assis,SP
25e6ffe976bd75618accfe16cefcbd0d,5503,sao paulo,SP
9dda5bbacd45e18d6485fee649205d09,37540,santa rita do sapucai,MG
1d8dbc4f32378d715c717c1c1fc57bae,86706,arapongas,PR
fc906263ca5083d09dce42fe02247800,31030,belo horizonte,MG
ce69a8021d18961dd2a40269b7c2c293,81070,curitiba,PR
9596c870880d900012f2e8e6e30d06d7,37074,varginha,MG
4b98b0428fc1932cc2514ef9ce2505e6,6795,taboao da serra,SP
1da366cade6d8276e7d8beea7af5d4bf,36500,uba,MG
e96498ed8daaa3e9c23f7a62da76591c,5373,sao paulo,SP
b5e3e38609125694d2ea2417522a60b7,88020,florianopolis,SC
bacb1f0ed56ad24198f5810d2b3fe9a5,12328,jacarei,SP
980640c45d7a4635885491d077167e4d,13501,rio claro,SP
2156f2671501a81034d7d07f217609d0,4776,sp,SP
de0c78824586e9a5f5f04fd84e25df39,6730,vargem grande paulista,SP
128639473a139ac0f3e5f5ade55873a5,87050,maringa,PR
7a241947449cc45dbfda4f9d0798d9d0,37590,jacutinga,MG
7e1fb0a3ebfb01ffb3a7dae98bf3238d,14403,franca,SP
376a891762bbdecbc02b4b6adec3fdda,74323,goiania,GO
1dfe5347016252a7884b694d4f10f5c4,14940,ibitinga,SP
528bcf6680c36dddf07620bd35b33a6f,3178,sao paulo,SP
25c5c91f63607446a97b143d2d535d31,35680,itauna,MG
d2374cbcbb3ca4ab1086534108cc3ab7,14940,ibitinga,SP
40d54b51e962dbe09cabbcfd33298dee,9230,santo andre,SP
70c27847eca8195c983ed7e798c56743,20930,rio de janeiro,RJ
05d2173d43ea568aa0540eba70d2ca76,37135,alfenas,MG
b839e41795b7f3ad94cc2014a52f6796,9541,sao caetano do sul,SP
058cb5aeb36d7c0fcae20fc85d5e0a59,21635,rio de janeiro,RJ
48efc9d94a9834137efd9ea76b065a38,81130,curitiba,PR
0dd184061fb0eaa7ca37932c68ab91c5,7031,guarulhos,SP
5b35136197710e16ac5e7b7c2bd4ea85,22640,rio de janeiro,RJ
7813ea3ebd9411dc600b4dd01f7a97b9,6018,osasco,SP
777a0c55737f34ffeb78010f7542ab41,1541,sao paulo,SP
2aa3443d7bf9d9bb11133f420d75e083,22713,rio de janeiro,RJ
c3867b4666c7d76867627c2f7fb22e21,14580,guara,SP
0bae85eb84b9fb3bd773911e89288d54,88301,itajai,SP
35fb511489d9ee3ee27a76debce9df06,86061,londrina,PR
6e1862e15f33d9994bc25922a85e1efc,13505,rio claro,SP
058fd0aa2bfdb2274e05e1ae971dabb6,9020,santo andre,SP
aa1eb17b9fdf6dfd546e25c45c7b9235,4794,sao paulo,SP
07bf9669d84d1f11be443a9dd938f698,4761,sao paulo,SP
08633c14ef2db992c11f840f04fad4cd,9416,ribeirao pires,SP
f419677537694f0462a91990df6ca44f,9750,sao bernardo do campo,SP
8c0de775f52fe41590b376a3b7c50f68,13178,sumare,SP
5b8154610ebb21fb90eb587365e673df,12246,sao jose dos campos,SP
fb89df7f89fd1b8f03fa2acca1ba7364,85853,foz do iguacu,PR
17ca9b9e9b9ef8fdb529001b49ebb50f,32677,betim,MG
9add47bf45ce8e8c7db6b9cf670b1e09,83830,fazenda rio grande,PR
acce39e832338debb07b02385cde5967,32110,contagem,MG
397c4d0c005b6f41f90098ac724e28cb,9182,santo andre,SP
b2c97074649f92197d9387d9033dda5f,18604,botucatu,SP
f262cbc1c910c83959f849465454ddd3,3564,sao paulo,SP
c113b8df1fc375bc3d73d29c1b1144d1,8021,sao paulo,SP
14ee35374a7876217954b5fa08e50463,15015,sao jose do rio preto,SP
373ee4a3a775a733770ca3f790b8b9ac,22793,rio de janeiro,RJ
432c37c9dfba871172ec162e20118b8c,70235,brasilia,DF
e9511df20ccd82658a30c37b7fb343af,17026,bauru,SP
4c8545742faaf58fafd5fd14d25d75cf,15603,fernandopolis,SP
432c67955c0acd1fd6b0b5d678766a71,5571,sao paulo,SP
d8c7ba53e7e38711eaef8c2849d6d2e1,87120,floresta,PR
6338ea67c41078a46ad99cc009654956,95170,farroupilha,RS
65febd49fd28ec955651299159b1f527,3275,sao paulo,SP
9a84ba99f5367fdbd4598363496f1ea2,72801,luziania,GO
4ba52dfeba874da5b9ee7b17c7494f04,8790,mogi das cruzes,SP
5b581417df4480f632484ba681e53944,88050,florianopolis,SC
06e5eefc71ec47ae763c5c6f8db7064f,91350,porto alegre,RS
2a6fbeaa7ab9e5d59a35841a8da71ce4,89259,jaragua do sul,SC
1987cd4be10fe09ee50454f9c354d1c6,37570,ouro fino,MG
ff1fb4c404b2efe68b03350a8dc24122,8710,mogi das cruzes,SP
86bf77bdb52e615674772d5817c6212f,94410,viamao,RS
6860153b69cc696d5dcfe1cdaaafcf62,13360,capivari,SP
903037660cf848a717166eb7a06d616e,5734,sao paulo,SP
f08c008c8a8d31417763738a1788a2a8,85875,santa terezinha de itaipu,PR
bf3c6d2a28b2b5501e6c15448982dcc9,4180,sao paulo,SP
49cdc90518a4f82676b38b3c1aa43ff6,3031,sao paulo,SP
066a6914e1ebf3ea95a216c73a986b91,85863,foz do iguacu,PR
6d66611d7c44cc30ce351abc49a68421,4378,sao paulo,SP
3d8fa2f5b647373c8620330c4e077a9f,3031,sao paulo,SP
76d5af76d0271110f9af36c92573f765,3194,sao paulo,SP
729f06993dac8e860d4f02d7088ca48a,13481,limeira,SP
b77a27b1864483e721dc831d5ba4afa0,25251,duque de caxias,RJ
762fafdaa57a532ee0119731697579dd,13311,itu,SP
50770d25768b0486d89be26afca3108f,9271,santo andre,SP
b19f3ca2ea475913750f25a5c37c8d8f,35501,divinopolis,MG
cc419e0650a3c5ba77189a1882b7556a,9015,santo andre,SP
0df3984f9dfb3d49ac6366acbd3bbb85,32604,betim,MG
7008613ea464bad5cb9b83456e1e6a8f,89460,canoinhas,SC
52ac6f920b7280e4c6d30dd94de6259b,83321,pinhais,PR
3f3486b61f45078d4f31ee5e43d8c5bb,3035,sao paulo,SP
a06c8ff043abea0528ee44171e2140a2,35501,divinopolis,MG
6b3bd31ad8fcda4b2635ec9f3ff2ecdf,22775,rio de janeiro,RJ
977f9f63dd360c2a32ece2f93ad6d306,14910,tabatinga,SP
2c43fb513632d29b3b58df74816f1b06,30421,belo horizonte,MG
d9442042130b7fe579d1295f9f4a248f,3550,sao paulo,SP
ce248b21cb2adc36282ede306b7660e5,89251,jaragua do sul,SC
5b0cc932433fa5184b5b94bfe6bcc256,14940,ibitinga,SP
7ff588a03c2aeae4fbd23f9ae64b760d,7183,guarulhos,SP
7ad32824caee82087b3e2e5f33b1bf32,14940,ibitinga,SP
de722cd6dad950a92b7d4f82673f8833,51250,recife,PE
70849ca4f400aaabb62cb7462a6f1428,31210,belo horizonte,MG
b16d3dadc47d4eb18be3d88bad0775ce,93608,estancia velha,RS
8d46553a36e68f95350a200c12f8f2e2,13056,campinas,SP
45ba18c210d42734ec52c0c1c574e9ee,18130,sao roque,SP
dc317f341ab0e22f39acbd9dbf9b4a1f,94910,cachoeirinha,RS
d93844a9c55ba7ce353388bcf849ea56,82320,curitiba,PR
1b8356dabde1d35e17cef975c3f82730,3477,sao paulo,SP
43402bdf22aa2310e8f99e2f94f78628,9434,ribeirao pires,SP
54965bbe3e4f07ae045b90b0b8541f52,85851,foz do iguacu,PR
6039e27294dc75811c0d8a39069f52c0,6162,osasco,SP
3492e68f37fd1df87f4f2f2ea247f445,13322,salto,SP
05ff92fedb5be47920fea08e501238b9,98803,santo angelo,RS
c68fb906c8f4b4b946d8386bfa6e5467,14870,jaboticabal,SP
53d00c40e32aeb924a84ce72b1af869d,14940,ibitinga,SP
93dc87703c046b603023e75222018b45,30315,belo horizonte,MG
10076e5788b8ee532724bcd460baf762,14315,batatais,SP
cf654707ed6a99f112c7ec3d6f314b8b,4615,sao paulo,SP
f0b47fbbc6dee9aafe415a6e33051b3f,9360,maua,SP
3dbbce181edfaa4a597ec858c382d2ec,82515,curitiba,PR
1127b7f2594683f2510f1c2c834a486b,13087,campinas,SP
79ed755314cfe6df0daef2c6cd3022cd,13503,rio claro,SP
2c9e548be18521d1c43cde1c582c6de8,8752,mogi das cruzes,SP
bc47d5d1490df2b36add65d733eafaba,9163,santo andre,SP
c31eff8334d6b3047ed34bebd4d62c36,13322,salto,SP
822166ed1e47908f7cfb49946d03c726,25803,tres rios,RJ
b3f19518fcec265b2e97af287725f981,15170,tanabi,SP
b2ba3715d723d245138f291a6fe42594,3470,sao paulo,SP
b410bdd36d5db7a65dcd42b7ead933b8,74645,goiania,GO
31344c16881c08a8a72c6d2eb29918c1,36500,uba,MG
d58d521f3789def2e7a22715e0badd93,3643,sao paulo,SP
fcb5ace8bcc92f75707dc0f01a27d269,7032,guarulhos,SP
6a0cbc8af2e8abd1bdfb777943d174c6,14312,batatais,SP
8931a84a914b3fe9b1ddaa4d704947ca,8410,sao paulo,SP
7681ef142fd2c19048da7430856b5588,7074,guarulhos,SP
7ddcbb64b5bc1ef36ca8c151f6ec77df,4403,sao paulo,SP
02b72cdeb9cfcc429f1af6f4e3f3b737,14940,ibitinga,SP
3481aa57cd91f9f9d3fa1fa12d9a3bf7,13360,capivari,SP
bd0389da23d89b726abf911cccc54596,71691,brasilia,DF
af3ef48d0e13835e529c29ac573c63e5,14802,araraquara,SP
855668e0971d4dfd7bef1b6a4133b41b,13257,itatiba,SP
1c68394e931a64f90ea236c5ea590300,87114,sarandi,PR
95b293867b5862941c9cd74f756a3c68,8223,sao paulo,SP
e62b2d6ac10570a035a30bafcf01d263,5767,sao paulo,SP
f593898ec748b7a8cb81fc04edafd98a,13920,pedreira,SP
77530e9772f57a62c906e1c21538ab82,80310,curitiba,PR
ff69aa92bb6b1bf9b8b7a51c2ed9cf8b,8140,sao paulo,SP
edf96ef93ed595084bbcbd9224bd2894,1545,sao paulo,SP
6a8b085f816a1f75f92dbac6eb545f8f,14709,bebedouro,SP
f3295428338a40977a03f555246a70f4,29032,vitoria,ES
75fbb52eda0cbc24f479d3b2fbfa8d3e,74560,goiania,GO
e5d4b2b0c3bca22085f7a19a28de0c42,89201,joinville,SC
062ce95fa2ad4dfaedfc79260130565f,95913,lajeado,RS
2ee0a0689f2f6a72f35a7cb6033f6e7e,19025,presidente prudente,SP
dd533b429f380718b70ad9922c294bae,14781,barretos,SP
582d4f8675b945722eda7c0cb61ba4c7,11250,bertioga,SP
94144541854e298c2d976cb893b81343,94451,viamao,RS
bf84056e679dbe9c69929847a40e338f,2537,sao paulo,SP
02d35243ea2e497335cd0f076b45675d,59077,natal,RN
1c129092bf23f28a5930387c980c0dfc,2972,sao paulo,SP
8090490573c6c0aa343a7231ebcb8c86,4130,sao paulo - sp,SP
602044f2c16190c2c6e45eb35c2e21cb,14940,ibitinga,SP
b499c00f28f4b7069ff6550af8c1348a,13481,limeira,SP
7a2d2949aea47fab95fd98d6c9f618b1,81350,curitiba,PR
624f4ece8da4aafb77699233d480f8ef,5138,sao paulo,SP
95e03ca3d4146e4011985981aeb959b9,21210,rio de janeiro,RJ
1771297ac436903d1dd6b0e9279aa505,7025,guarulhos,SP
1d503743d2526f03f0c2c89540ee008c,1035,sao paulo,SP
df560393f3a51e74553ab94004ba5c87,87900,loanda,PR
253f95b3a0e6983ae18aed49fbc2b845,4141,sao paulo,SP
834f3294fba9f932f56edc879193f925,14808,araraquara,SP
6c177e38df6d3f34182b1f1d427231bf,80430,curitiba,PR
381c83fdca332ea6afd896da20bf6e4a,80010,curitiba,PR
6fd52c528dcb38be2eea044946b811f8,8180,sao paulo,SP
189ca3538ce9f920cacf0f982cbe223b,3589,sao paulo,SP
20cb7c2fde3e5bf10f0bbe7394e1c6a9,86385,andira-pr,PR
f7720c4fa8e3aba4546301ab80ea1f1b,81350,curitiba,PR
4c2b230173bb36f9b240f2b8ac11786e,3933,sao paulo,SP
a23266650e7c84bb93fbbba502137478,90220,porto alegre,RS
ac6417315ae5da8f9a38ee11de6f7780,7400,aruja,SP
81336a0f57a33776419727a300249e90,13560,sao carlos,SP
4e06067cc08b3f41d837768d392c3ee3,32604,betim,MG
ec933281fb017b5020d06df29c3f77e8,3820,sao paulo,SP
392e0502231ae2f8b29994ef6398cd77,18760,cerqueira cesar,SP
5d0363b33554b373851fc1622e4d5f3c,12952,atibaia,SP
013900e863eace745d3ec7614cab5b1a,80740,curitiba,PR
fa3a0b5aabb344b9a92e3524b0202123,83020,sao jose dos pinhais,SP
88cf19ec1fc2c58f161aee259d57142c,13570,sao carlos,SP
c679fb69a36e1d8349e8c50a217b4d58,95020,caxias do sul,RS
17a053fcb14bd219540cbde0df490be0,13843,mogi guacu,SP
41b14765bd56c8ad10971074380f9c0c,9070,santo andre,SP
f00e21b1e91a79653163b7fd8f293ff1,37795,andradas,SP
4e922959ae960d389249c378d1c939f5,12327,jacarei,SP
ca4b77513ac2040591b0d8fae6958380,9190,sando andre,SP
b8630e1121437d41cb08e3c749c2c2e2,25070,duque de caxias,RJ
9cf787a239c1aa29dbd76f153dc13f9a,14403,franca,SP
c990d6cf976a5718aaedc539f383ab88,13145,paulinia,SP
94e93ce877be27a515118dbfd2c2be41,15502,votuporanga,SP
a89e143d5211473ae18db9577ee34b64,13486,limeira,SP
8581055ce74af1daba164fdbd55a40de,7112,guarulhos,SP
c963a25b8671419c6ce9eebe8fd03218,23943,angra dos reis rj,RJ
52f0fe436a347ddad7ed5f9aa4e27eaa,1129,sao paulo,SP
c33847515fa6305ce6feb1e818569f13,88359,brusque,SC
bb5bd94c8f59cc050072d2930c869cac,5008,sao paulo,SP
2a7dc43cecabf23403078e2188437d1d,4142,sao paulo,SP
a3f0b55de503387383c7b1de3ad7f678,82400,curitiba,PR
ea566164622c6b439516ab18062c42cd,5303,sao  paulo,SP
821fb029fc6e495ca4f08a35d51e53a5,2030,sao paulo,SP
d6ab728cf30867cf3f1a2e216ae2f9b7,3185,sao paulo,SP
c500367424994318b9e779ff1ae9a330,13145,paulinia,SP
ecccfa2bb93b34a3bf033cc5d1dcdc69,81810,curitiba,PR
c66dccfb3f109511246da627dd5a2498,11900,registro,SP
d921b68bf747894be13a97ae52b0f386,35570,formiga,MG
e256a62e0ac58c0edfba09966142d561,81320,curitiba,PR
c8417879a15366a17c30af34c798c332,4445,sao paulo,SP
8dfbc5ff27df12f6cef751d3b9554222,80220,curitiba,PR
2528513dd95219a6013d4d05176e391a,6060,osasco,SP
921323538c9f1c4e816f2720eac02bea,1319,sao paulo,SP
1464afc72f696af775557a821c2e253f,28630,nova friburgo,RJ
77a515caa36327151d1cc6c32a9f00e1,9912,diadema,SP
32fdd5d44ecb43dfd6a24b9369eca144,35557,carmo do cajuru,MG
4b0fdb526525f9890eb145bf1534640e,14940,ibitinga,SP
1cd9e0cc1839d55516843def5600816d,3951,sao paulo,SP
318f287a62ab7ac10b703ac37435a231,4773,sao paulo,SP
5b179e9e8cc7ab6fd113a46ca584da81,5424,sao paulo,SP
ffdd9f82b9a447f6f8d4b91554cc7dd3,80030,curitiba,PR
cb41bfbcbda0aea354a834ab222f9a59,3520,sao paulo,SP
2379bdc3888025689a9deb7b141507d5,13806,mogi mirim,SP
5ee7fd217d08dfe5d3e2f51f96a12c9a,13880,vargem grande do sul,SP
834f8533b2ecb6598dd004ff3de7203a,5181,sao paulo,SP
cc3d14116804f7209f3884f6367f1152,82940,curitiba,PR
440dd6ab244315c632130ecfb63827b1,15502,votuporanga,SP
45d33f715e24d15a6ccf5c17b3a23e3c,18015,sorocaba,SP
c33a5c3c983090c8b78a28e65052a20d,88802,criciuma,SC
16090f2ca825584b5a147ab24aa30c86,12940,atibaia,SP
b561927807645834b59ef0d16ba55a24,2955,sao paulo,SP
e06f09ec0a4aca210779cf1cfc63cf19,4773,sao paulo,SP
213b25e6f54661939f11710a6fddb871,13321,salto,SP
78c99c6dff4eeae5be99bf635ed21e3f,17510,marilia,SP
8a130737016f838139d31878787a39c9,3187,sao paulo,SP
11742f81550ac064cc9a40f67151d9ad,15810,catanduva,SP
8a40ae794fa3f9892cee24bd5af0488b,82620,curitiba,PR
850f4f8af5ea87287ac68de36e29107f,4367,sao paulo,SP
643214e62b870443ccbe55ab29a4dccf,2134,sao paulo,SP
ce27a3cc3c8cc1ea79d11e561e9bebb6,3006,sao paulo,SP
0241d4d5d36f10f80c644447315af0bd,80330,curitiba,PR
272f092de69afedd4d2969440b37f18f,3265,sao paulo,SP
8e8a7ce9f2f970dc00e2acf6f6e199f6,24710,sao goncalo,RJ
f4db9b37944bcb8873e6b456ee190bbf,8599,itaquaquecetuba,SP
729b2d09b2a0bdab221076327f13d050,17320,mineiros do tiete,SP
3903c788ded8dc03b5ebab37a2f3e9a1,6332,carapicuiba,SP
67bf6941ba2f1fa1d02c375766bc3e53,82400,curitiba,PR
897060da8b9a21f655304d50fd935913,14092,ribeirao preto,SP
76c47a299e4a8fe992316a85865acbe9,14075,ribeirao preto,SP
d1b9d4be4b6f9ebd85f8acd6745ba612,34006,nova lima,MG
09f952a5f58d2285b0372551ae8f9b01,9725,sao bernardo do campo,SP
14d7985702e72162bbf13b6beb74ab2b,9131,santo andre,SP
2c4c47cb51acd5ea5db5e0ae0e26542a,15290,buritama,SP
9616352088dcf83a7c06637f4ebf1c80,87504,umuarama,PR
2dcf93836ae3ce0d7c93e2f10876467a,12240,sao jose dos campos,SP
51702dc2a3e106c76dbff722b5bf0726,13835,conchal,SP
97512d3fc193b2d1dfcdba0f9d1f0f8a,8270,sao paulo,SP
ae45df84722b1d15c5f32b23a095746c,3062,sao paulo,SP
bab0a8cd684e41ba6e2637dca0979d3b,22793,rio de janeiro,RJ
b83cedfb587e7911540e3f576d6917ce,4870,sao paulo,SP
0ef83d7d83ed97cd2a0049ac8be5f88a,80230,curitiba,PR
d13e50eaa47b4cbe9eb81465865d8cfc,9210,santo andre,SP
da8622b14eb17ae2831f4ac5b9dab84a,13405,piracicaba,SP
fe26f3ecb51a15e6d8335cd92da42562,4365,sao paulo,SP
5151aea44289d6c6b090ee31c2132508,17515,marilia,SP
b37c4c02bda3161a7546a4e6d222d5b2,3667,sao paulo,SP
5f1dc28029d2c244352a68107ec2b542,5126,sao paulo,SP
710e3548e02bc1d2831dfc4f1b5b14d4,86600,rolandia,PR
3ab971ce71839580d2ae5b4e40fe8044,3210,sao paulo,SP
9d4db00d65d7760644ac0c14edb5fd86,18025,sorocaba,SP
d4f117125b59ce73c3302f88ee40c458,4058,sao paulo,SP
1de62b6f2fd96227629786db492433db,16021,sp,SP
30a2f535bb48308f991d0b9ad4a8c4bb,13457,santa barbara d'oeste,SP
a36b125ac6d5fdbc7f50de85c9157bdc,14020,ribeirao preto,SP
1336efc61c316ddf92c899eb817f7cae,19800,assis,SP
620c87c171fb2a6dd6e8bb4dec959fc6,25645,petropolis,RJ
4c8b8048e33af2bf94f2eb547746a916,14940,ibitinga,SP
88460e8ebdecbfecb5f9601833981930,87030,maringa,PR
7d76b645482be4a332374e8223836592,1511,sao paulo,SP
5f06030071324cc52bf0304014ac7234,17514,marilia,SP
cac4c8e7b1ca6252d8f20b2fc1a2e4af,13347,indaiatuba,SP
cc63f0dd2acba93ffed4fe9f8e0321fa,15025,sao jose do rio preto,SP
dbec9a0a7efeff029d4d9dce7dc4cc95,31920,belo horizonte,MG
01fd077212124329bac32490e8ef80d9,14079,ribeirao preto / sao paulo,SP
06a2c3af7b3aee5d69171b0e14f0ee87,65072,sao luis,MA
2e90cb1677d35cfe24eef47d441b7c87,2285,sao paulo,SP
adbc26658d6c7b4b6219f9d934598091,81770,curitiba,PR
d05ae8f7a5bd1d2a690a44cd079e4e27,22775,rio de janeiro,RJ
508808d438fe2ff972ed13bb8f4a82e2,3963,sao paulo,SP
c794dab4928dd97beb41d05514441e86,13160,artur nogueira,SP
1976a05ecf2996d6ffb7b5430e635fe7,19806,assis,SP
c70a353f02429c00775a46a75fb787da,8275,sao paulo,SP
39d61be7a92eb77b7da367bd4845bc0e,13420,sao paulo,SP
c510bc1718f0f2961eaa42a23330681a,13330,indaiatuba,SP
0eaa7e33d73809f1f925f7d07c506cbd,9111,santo andre,SP
2e1c9f22be269ef4643f826c9e650a52,4850,sao paulo,SP
00fc707aaaad2d31347cf883cd2dfe10,87025,maringa,PR
58e4b302b54937e55a678c4d15111da4,83402,colombo,PR
d1c281d3ae149232351cd8c8cc885f0d,14940,ibitinga,SP
f80edd2c5aaa505cc4b0a3b219abf4b8,3431,sao paulo,SP
8629c241b3622ac12cd4118afdc8d394,14090,ribeirao preto,SP
562fc2f2c2863ab7e79a9e4388a58a14,13070,campinas,SP
7dc8c42cc750eeafea6c85712ffee9bf,5424,sao paulo,SP
df0f42bc4c2142eacf0eaf2cffd0cfbb,88306,itajai,SC
960945e1a9535cbc0cd6ddd35fbe7ae8,8290,sao paulo,SP
7e26c750b4cb9f6766f58265ff9ebe95,30270,belo horizonte,MG
5a8e7d5003a1f221f9e1d6e411de7c23,13076,campinas,SP
5d3bb11474a06bdc23fb9e89f1164ee0,19804,assis,SP
7d948535954aaf8c5d39db007f74372e,11442,guaruja,SP
1352e06ae67b410cdae0b2a22361167b,26051,rio de janeiro,RJ
3bb548e3cb7f70f28e3f11ee9dce0e59,87040,maringa,PR
522620dcb18a6b31cd7bdf73665113a9,85801,cascavel,PR
d32e3909cfb714fb2a6cb092c85b9c5f,13215,jundiai,SP
ce7d1888639e6fb06b2749cbfdac1ff7,37443,baependi,MG
ff1e15b778c700abdd4d239b81ac466d,81260,curitiba,PR
85d9eb9ddc5d00ca9336a2219c97bb13,31255,belo horizonte,MG
a673821011d0cec28146ea42f5ab767f,3809,sao paulo,SP
ca7c6bd577e559472af1c699de9e764e,9812,sao bernardo do campo,SP
c8b3445d737de6befde0c88ede534a5e,5734,sao paulo,SP
eb5b6204dde3a6e03b5f1bb8479f055b,6900,embu guacu,SP
2e1a7d075abe038c1b2743005fe42ff1,3461,sao paulo,SP
11bfa66332777660bd0640ee84d47006,14085,ribeirao preto,SP
3a1a1fec38dd360f15fc912e821e169d,2451,sao paulo,SP
141440cad9341e553f8401c574a2aa38,85200,pitanga,PR
05aebce0b5c8f0d41b29b686f2d05fd3,3962,sao paulo,SP
dd55f1bb788714a40e7954c3be6df745,1021,sao paulo,SP
dc4a0fc896dc34b0d5bfec8438291c80,14940,ibitinga,SP
3a4127e1ba7208ea37044c5092aae170,8226,sao paulo,SP
e26901d5ab434ce92fd9b5c256820a4e,9350,maua,SP
a6fe7de3d16f6149ffe280349a8535a0,14401,franca,SP
aac29b1b99776be73c3049939652091d,38408,uberlandia,MG
54a1852d1b8f10312c55e906355666ee,13456,santa barbara d'oeste,SP
c826c40d7b19f62a09e2d7c5e7295ee2,7133,guarulhos,SP
3c3017960b2dbd72711a61f0400aab8f,89251,jaragua do sul,SC
113e3a788b935f48aad63e1c41dac1bd,12570,aparecida,SP
94c49f20a123aeb9360dbf80ff912bf6,18015,sorocaba,SP
d12c926d74ceff0a90a21184466ce161,2634,sao paulo,SP
594f9aaa48e5bf431f011ddc5669b0d5,32185,contagem,MG
eba88037e1dca898cd02881f67ced679,3647,sao paulo,SP
f7ccf836d21b2fb1de37564105216cc1,14940,ibitinga,SP
7e3f87d16fb353f408d467e74fbd8014,4809,sao paulo,SP
bb135baca94c82fcb731335ad5b04a03,4362,sao paulo,SP
4830e40640734fc1c52cd21127c341d4,3573,sao paulo,SP
dbb9b48c841a0e39e21f98e1a6b2ec3e,3929,sao paulo,SP
c6a7539d424a8402232c2228d7a03c5e,3191,sao paulo,SP
72c5da29406b4234927b81855e7b64f6,7077,guarulhos,SP
0ed6ce5d87fd9c69eaacaeb778d67235,13473,americana,SP
6973a06f484aacf400ece213dbf3d946,12230,sao jose dos campos,SP
578460d8319c51dab351cd9db95eadfe,74550,goiania,GO
5f7300535881cef3b625fd683cf7d145,92020,canoas,RS
20611af7866c6068fd5ae1f9dbe15c92,13660,porto ferreira,SP
3d2531eccfbde1d7c8db7a3a12fb267a,31340,contagem,MG
b1a81260566c1bac3114a6d124413f27,99500,carazinho,RS
080199a181c46c657dc5aa235411be3b,6097,osasco,SP
cca3071e3e9bb7d12640c9fbe2301306,14940,ibitinga,SP
788e857f317e53de488d393e65a80f45,8280,sao paulo,SP
d51e0a403fe2e689ece6c73359d96e12,17580,pompeia,SP
7f7b8245c336066a1f9933c359f11d77,13800,mogi mirim,SP
8648b1e89e9b349e32d3741b30ec737e,12308,jacarei,SP
d50d79cb34e38265a8649c383dcffd48,8290,sao paulo,SP
f214d28e8d8e3ef068748498ccc2f813,3872,sao paulo,SP
ebd2d60905fb58271facef5596b620d3,18683,lencois paulista,SP
efcd8d2104f1a05d028af7bad20d974b,16012,aracatuba,SP
530ec6109d11eaaf87999465c6afee01,85807,cascavel,PR
89f69225956f951295ca4c7fb1266553,27700,vassouras,RJ
0adac9fbd9a2b63cccaac4f8756c1ca8,13290,louveira,SP
6d22a1fcebb6dd08c9cd90b92a93e8d0,89215,joinville,SC
04aba03279157f6d4e0fe8ccaf21963c,28470,santo antonio de padua,RJ
b39d7fe263ef469605dbb32608aee0af,14940,ibitinga,SP
36890be00bbfc1cdb9a4a38a6af05a69,6040,osasco,SP
7b0df942f46435babab05d49b744b2c4,12924,braganca paulista,SP
f27e33c6d29b5138fa9967bcd445b6d5,4273,sao paulo,SP
55d3daac7c404d59e51c2aa2f4dc5a23,2150,sao paulo,SP
c9aafcd0621b2207c10e32c649cada4d,8011,sao paulo,SP
08ad4ac1388e4420ca531c3edfc46198,6663,itapevi,SP
6fc26fe110feebd80a433e1f012a84f9,15601,fernandopolis,SP
2f4b9d112bfa44a214bc6cef085d17c8,29600,afonso claudio,ES
c37b2059d4f90d4feead554e5246565e,5170,sao paulo,SP
98dac6635aee4995d501a3972e047414,2030,sao paulo,SP
a49928bcdf77c55c6d6e05e09a9b4ca5,3017,sao paulo,SP
a1bea7061f61f6fdd9a85a6325ba1033,6311,carapicuiba / sao paulo,SP
0d85bbda9889ce1f7e63778d24f346eb,38414,uberlandia,MG
d624126b9206f595fb3fbb6ba03b28a8,80045,curitiba,PR
26d8a1c7c75d513045798992ead43aa2,86800,apucarana,PR
e6a69c4a27dfdd98ffe5aa757ad744bc,4424,sao paulo,SP
4305fe92735c8a43d154ff6dd2b8d927,35170,coronel fabriciano,MG
bd4889b5e9133b35b66e42a8665cea5c,2963,sao paulo,SP
5ab05b6d86d417796c69ffd6774ec832,19815,assis,SP
9de4643a8dbde634fe55621059d92273,89225,joinville,SC
04308b1ee57b6625f47df1d56f00eedf,88215,bombinhas,SC
0ac4201fda2c68ebc0e47cb9423cf3c9,3345,sao paulo,SP
a2b5b6105ea5942300631d2e76f4ffe0,6283,osasco,SP
23d7c96d4a1160db1c726b248601b25a,13360,capivari,SP
e883aa812c37a7413226856f4579fe91,6696,itapevi,SP
86bb7c4b535e49a541baf3266b1c95b1,14401,franca,SP
c0563dd588b775f2e37747ef6ad6c92c,9220,santo andre,SP
820cc752a266cdc6c1a1e61dd4583330,87050,maringa,PR
e5475dcab1e07b63d7f6e902d8f5eda8,9921,diadema,SP
33a6f4b1e7cdc205511e76ba1b6e0186,7084,guarulhos,SP
91f848e9f4be368f4318775aac733370,3029,sao paulo,SP
7a67c85e85bb2ce8582c35f2203ad736,3426,sao paulo,SP
55029529919c0123526150bd26ca8f20,32280,contagem,MG
b372ee768ed69e46ca8cdbd267aa7a38,15013,sao jose do rio preto,SP
d20b021d3efdf267a402c402a48ea64b,14940,ibitinga,SP
0ea22c1cfbdc755f86b9b54b39c16043,35700,sete lagoas,MG
be8e909810184b9b19e886129149d8e5,13418,piracicaba,SP
269c5fc9fcadee614364c3620c30a1f9,7140,guarulhos,SP
db2956745b3a8e9f3785c99f34b5d25e,11600,sao sebastiao,SP
232a6014e7b10cba61c6c2b2ea6bb4b0,16500,cafelandia,SP
59cd88080b93f3c18508673122d26169,11707,praia grande,SP
fffd5413c0700ac820c7069d66d98c89,13908,amparo,SP
712e6ed8aa4aa1fa65dab41fed5737e4,89560,videira,SC
0b35c634521043bf4b47e21547b99ab5,84530,teixeira soares,PR
f435898e493ba0356019a0b1cb8b55b1,81720,curitiba,PR
edb1ef5e36e0c8cd84eb3c9b003e486d,25957,teresopolis,RJ
3361277dc30b7cccdb0c286b24219756,87015,maringa,PR
3c7c4a49ec3c6550809089c6a2ca9370,3804,sao paulo,SP
53b0300ca793f9834cd69c0678d35ee8,13339,indaiatuba,SP
48162d548f5b1b11b9d29d1e01f75a61,13403,piracicaba,SP
3fd1e727ba94cfe122d165e176ce7967,14802,araraquara,SP
9646c3513289980f17226a2fc4720dbd,12215,sao jose dos campos,SP
36a968b544695394e4e9d7572688598f,11010,santos,SP
4b5f66b7adcf57f1ecc0d3c07dd6b177,87025,vendas@creditparts.com.br,PR
b1aaae6b66ad3c40f54b389d7ea4bee0,4714,sao paulo,SP
89ad3263c0931c47f976d7c5778e60f6,5127,sao paulo,SP
af4a0e4cfe1d9c26b6712b1be25a72e5,35670,mateus leme,MG
8160255418d5aaa7dbdc9f4c64ebda44,14940,ibitinga,SP
cee48807215b30a12ca2ca10ffb5f250,11431,guaruja,SP
da7039f29f90ce5b4846ffc0fcc93beb,9041,santo andre,SP
4c03b9dd4c11ee2cb35c96c49efc9420,13232,campo limpo paulista,SP
bbad7e518d7af88a0897397ffdca1979,1512,sao paulo,SP
a806a4bb063ea7ca6d374eafa50a6058,29161,serra,ES
939f6e231201f26803cb5c3a3d2940b3,17051,bauru,SP
282f23a9769b2690c5dda22e316f9941,31573,belo horizonte,MG
e21a1e8be4715b0fcfd5385643bc49c4,88715,jaguaruna,SC
8f119a0aee85c0c8fc534629734e94fd,6440,barueri,SP
b1fc4f64df5a0e8b6913ab38803c57a9,24440,sao goncalo,RJ
0ebd97a106433a45a4aebe57c1799778,32240,contagem,MG
63bc58679c44e8a998792119fd7ad23e,5595,sao paulo,SP
101921376b577a4540dc30e9009133ca,13505,rio claro,SP
a7f13822ceb966b076af67121f87b063,8577,itaquaquecetuba,SP
4e8dacf3d38f281ae26c3e0321d92d88,8420,sao paulo,SP
c64a2aec32cc408a8a4c6d7c46017f91,95625,imbe,RS
5def4c3732941a971cba8fdee992ede1,2113,sao paulo,SP
80e6699fe29150b372a0c8a1ebf7dcc8,83323,pinhais,PR
42ef3192a9ff87a22d1867b74b3ee205,9090,santo andre,SP
9853a239ab7b7ebbdc3a21248d5b8e1f,83602,campo largo,PR
c003204e1ab016dfa150abc119207b24,7790,cajamar,SP
5656537e588803a555b8eb41f07a944b,72015,brasilia,DF
503c1de08ae81a2d86f17951b204db55,3725,sao paulo,SP
404e1ba01358af4cd63f679b2c4d1fa1,36032,juiz de fora,MG
186cdd1b2df32caa72cfb410bba768d3,89295,rio negrinho,SC
de23c3b98a88888289c6f5cc1209054a,5530,sao paulo,SP
fe49ee029e61e789a1f3a5525f57ba8d,6018,osasco,SP
94ca168e8bcb407ab85c5da308863027,16250,clementina,SP
28f10b1c5e5abb9d4857745bede6147c,4250,sao paulo,SP
2a61c271b1ac763450d846849783e922,9175,santo andre,SP
ba6ce6de456f6c11d08c17701ba5c26f,18044,sorocaba,SP
5dceca129747e92ff8ef7a997dc4f8ca,13450,santa barbara dÂ´oeste,SP
e1dc0754bada9ee4cfe9713f22f61292,25035,duque de caxias,RJ
3d871de0142ce09b7081e2b9d1733cb1,13232,campo limpo paulista,SP
51e4e89242cbb846c2deff3dc015650e,96203,rio grande,RS
86ccac0b835037332a596a33b6949ee1,89041,blumenau,SC
3340ef1913fb70d28420f6ceb685c339,87040,maringa,PR
b74d1c09cb380e1d03a6f859c6f4224b,20061,rio de janeiro,RJ
1bb2bdb95f4841f1bba2c0d2cd83d3c9,1257,sao paulo,SP
670c26e0f1bf8d0576271d5cfaec6d2b,87025,maringa,PR
f4aba7c0bca51484c30ab7bdc34bcdd1,1031,sao paulo,SP
03a2a6dcbe45d639c4dc2a0d24769c40,9340,maua,SP
e9d99831abad74458942f21e16f33f92,3542,sao paulo,SP
dc8798cbf453b7e0f98745e396cc5616,5455,sao paulo,SP
3f2af2670e104d1bcb54022274daeac5,87240,terra boa,PR
babcc0ab201e4c60188427cae51a5b8b,13660,porto ferreira,SP
eed78ac17f7f795a19a709745f00cd4e,18608,botucatu,SP
a2e874074c877c5a05abae80ad6e488f,15070,sao jose do rio preto,SP
abcd2cb37d46c2c8fb1bf071c859fc5b,78020,cuiaba,MT
365e445f796710c3431557e85caa25db,4083,sao paulo,SP
0bb738e4d789e63e2267697c42d35a2d,18130,sao roque,SP
325f3178fb58e2a9778334621eecdbf9,6790,taboao da serra,SP
8c16d1f32a54d92897cc437244442e1b,89023,blumenau,SC
f5a590cf36251cf1162ea35bef76fe84,9720,sao bernardo do campo,SP
1e8b33f18b4f7598d87f5cbee2282cc2,2066,sao paulo,SP
1da3aeb70d7989d1e6d9b0e887f97c23,4265,sao paulo,SP
5b67882648febfb6e1225e6ad7164f6b,87502,umuarama,PR
53e4c6e0f4312d4d2107a8c9cddf45cd,13920,pedreira,SP
527801b552d0077ffd170872eb49683b,17400,garca,SP
7202e2ba20579a9bd1acb29e61fe71f6,14401,franca,SP
0509040ea3fe50071181bbc359eb7738,31710,belo horizonte,MG
e89c4adbe7b1d0819dbb636e16461cf1,13347,indaiatuba,SP
5c853bb56f70f4d14218944bae111d7a,6715,cotia,SP
bba74270a87732727b5a3b4fd9ac1c39,32604,betim,MG
835f0f7810c76831d6c7d24c7a646d4d,8030,sao paulo,SP
a066df7361163e7ddc5d7452dd17448b,14401,franca,SP
5d505d2298ad549e4e4e835562fa0c1e,16200,birigui,SP
5aaa890629f83706d8d9bfecd8377c1c,25720,petropolis,RJ
7df1fc11cc5cbc518b39faa60cf5d67c,79112,campo grande,MS
238fac594e170b59c6d228f5a4f4f1d9,17300,dois corregos,SP
134a288e7de827ec5ec62e3ec9c3a295,3168,sao paulo,SP
83645b1645cdee8953ee54c29ceed564,85875,santa terezinha de itaipu,PR
5cf13accae3222c70a9cac40818ae839,38700,patos de minas,MG
96804ea39d96eb908e7c3afdb671bb9e,38950,ibia,MG
134b867a0f7f8bbe6abf10f91874891e,13272,valinhos,SP
57c764b4a836300be881e2ff86e449f9,14021,ribeirao preto,SP
c72de06d72748d1a0dfb2125be43ba63,46430,guanambi,BA
8060d731897e33b5c5ae575ce1e209e1,89052,blumenau,SP
8ae520247981aa06bc94abddf5f46d34,88370,navegantes,SC
ac3508719a1d8f5b7614b798f70af136,92030,canoas,RS
4a3ca9315b744ce9f8e9374361493884,14940,ibitinga,SP
4bfc7a4a1cf8d4d2121c27422d9e50b5,3111,sao paulo,SP
634964b17796e64304cadf1ad3050fb7,21840,rio de janeiro,RJ
3078096983cf766a32a06257648502d1,13720,scao jose do rio pardo,SP
014d9a685fd57276679edd00e07089e5,87015,maringa,PR
bccf933e006e9b94a6184af782963e77,19806,assis,SP
b33e7c55446eabf8fe1a42d037ac7d6d,14850,pradopolis,SP
218d46b86c1881d022bce9c68a7d4b15,14070,ribeirao preto,SP
dfc475d54e1b6dbeeb7d7d9bdaa63827,81460,curitiba,PR
813348c996469b40f2e028d5429d3495,13206,jundiai,SP
2745f798279e0ed033addcc1474776d7,3106,sao paulo,SP
bafc5aa11e413978be29040f51342e70,30130,belo horizonte,MG
b7cc6c5e001441ae8cdd5c69a480cbe4,89520,curitibanos,SC
3b15288545f8928d3e65a8f949a28291,14940,ibitinga,SP
cce6ab8d1682639fe45ab70234f1665f,81020,curitiba,SP
76623fde66e6b63b59440fd34160512d,7124,guarulhos,SP
5275ca25d0358ca73864e0ae41be1320,7024,guarulhos,SP
8e6cc767478edae941d9bd9eb778d77a,38442,araguari,MG
52d76513f0c4d97f3b99570e2c94ee31,93348,novo hamburgo,RS
f5b44895715ddfe3087dc414f30268f3,18017,sorocaba,SP
c8467937e403e76a8ee9f0ab13f6f5ef,37704,pocos de caldas,MG
4992e76a42cb3aad7a7047e0d3d7e729,3334,sao paulo,SP
02a2272692e13558373c66db98f05e2e,20040,rio de janeiro,RJ
3ef37b7ca6dd2b80bd8af81a62504996,1452,sao paulo,SP
d25aa0aaacb370e912f8cf6efeba38b3,89108,massaranduba,SC
2953ce3a88f5e3c3b696d77fc9e4c8eb,4270,sao paulo,SP
bbf9ad41dca6603e614efcdad7aab8c4,60348,fortaleza,CE
57fe6232e67823593374a2281d7a8af8,13360,capivari,SP
4da0e408c99d2fdc2126dc9fce518060,86300,cornelio procopio,PR
8b28d096634035667e8263d57ba3368c,12243,sao jose dos campos,SP
c6218512d16fcac0af02fe92691cf274,32315,contagem,MG
4371b634e0efc0e22b09b52907d9d469,2028,sao paulo,SP
1b45169b635ef59425637e9a33eb5fb3,87050,maringa,PR
bd23da7354813347129d751591d1a6e2,3971,sao paulo,SP
26785a546900236d66f2e4197c211158,8430,sao paulo,SP
b2eecf5ea250510da76590ca79d60e5d,3318,sao paulo,SP
8f2ce03f928b567e3d56181ae20ae952,5141,pirituba,SP
d4e12e7884759a14fa0f5f896c791cae,2242,sao paulo,SP
e24fc9fcd865784fb25705606fe3dfe7,12913,braganca paulista,SP
fec8cd45395b3cb0c2b173d7739706a1,12270,jambeiro,SP
900ba814c251a692506d7834c1218441,13328,salto,SP
afe0067131b73e40875c9b6c10bd2e21,35590,lagoa da prata,MG
542917da124346b47ea1ac79a93ce454,82560,curitiba,PR
4a23adac87cf538689fa600d976f78b2,4537,sao paulo,SP
85cc55e048b6bcc90c75afe7f0e72f72,27345,barra mansa,RJ
c458e2045a8aa8964f8879af03fdcce6,9572,sao caetano do sul,SP
5a4236931428800e9d9cc04af0987118,2916,sao paulo,SP
8a32e327fe2c1b3511609d81aaf9f042,2443,sao paulo,SP
31561f325664a8a7aba4c8d0c3a9b3db,3287,sao paulo,SP
d23019c84ffae2d5ef2270367b8605fc,86073,londrina,PR
ad8ada0ffa993cb1197d102d9ab21a3e,38445,araguari,MG
ce20a2ec1514c25e16f2b5b39bc818f0,5186,sao paulo,SP
0d83f8e03188682112cc0d93523705cc,91150,porto alegre,RS
0873d9f8f36123f8d910f4760e788cfb,6465,barueri,SP
a44fb5a447105f8469bdf16bf9159f25,91920,porto alegre,RS
4869f7a5dfa277a7dca6462dcf3b52b2,14840,guariba,SP
1c5e4e49b9079480255b49d50aac1aa9,11030,santos,SP
37515688008a7a40ac93e3b2e4ab203f,17900,dracena,SP
0249d282d911d23cb8b869ab49c99f53,5676,sao paulo,SP
bfd938b22bc99bce1ae60dc602889f52,22775,rio de janeiro,RJ
c12b92bf1c350f3e6bf88d3596219c86,17400,garca,SP
ffa6adafb71b807dc13159e26431354c,86030,londrina,PR
080102cd0a76b09e0dcf55fcacc60e05,31140,belo horizonte,MG
0fe2d9733ed841eb064503920015a8c0,19906,ourinhos,SP
b2ac621f0d0322434d04a12b078b9369,80220,curitiba,PR
17306570e772e7718c92a562d33f5f1d,17250,bariri,SP
244c2f1bff6afe1f2eaf9bfe9b2aed38,8832,mogi das cruzes,SP
71039d19d4303bf9054d69e9a9236699,3018,sao paulo,SP
54065e9aef7e9e9c2dc23b7594db021a,20040,rio de janeiro,RJ
25e47381a6c510ddeb36084e33b89f0c,11720,praia grande,SP
4d6d651bd7684af3fffabd5f08d12e5a,17209,jau,SP
b76dba6c951ab00dc4edf0a1aa88037e,3237,sao paulo,SP
b4ffb71f0cb1b1c3d63fad021ecf93e1,3880,sao paulo,SP
e5cbe890e679490127e9a390b46bbd20,1041,sao paulo,SP
974cf2cb8f4b7add98709c30df02fe10,14802,araraquara,SP
3c487ae8f8d7542beff5788e2e0aea83,72460,gama,DF
4a3ccda38b2129705f3fb522db62ca31,17504,marilia,SP
33576ec5412fb5905d876f12f33bfde6,80040,curitiba,PR
5b85809efd0d0e4dea1a9544e1280ed9,19020,presidente prudente,SP
056b4ada5bbc2c50cc7842547dda6b51,26379,queimados,RJ
b248792ac0b60ec3f93d80af1b4fae47,9560,sao caetano do sul,SP
34056b8b55c1775a22af2331670a799c,16304,penapolis,SP
23c38debaffe4a25a30fdbd9b586a13f,18110,votorantim,SP
6861de0f40cacb0602e473c51639f980,80420,curitiba,PR
c9c7905cffc4ef9ff9f113554423e671,6871,itapecerica da serra,SP
0887a9f087bcd5d9f6642b52f897fc6c,11990,cananeia,SP
00720abe85ba0859807595bbf045a33b,7070,guarulhos,SP
75d34ebb1bd0bd7dde40dd507b8169c3,41820,salvador,BA
e5e33c0d8e7e002f398f5dc4cbbb338f,17032,bauru,SP
8f54d64f28a993550aa7943f12572959,35160,ipatinga,MG
bec568278124768c474ee90971ca94d1,3553,sao paulo,SP
534a01cc6df1e034e05c32028a291fa2,13214,jundiai,SP
cd3d09fbe6e3e9ff0c0ac0c300e93ae7,13380,nova odessa,SP
57e632711dec9ec14ca7546769483e7e,88372,navegantes,SC
cb3dd9ce66268c7a3ca7241ac70ab58c,3028,sao paulo,SP
094ced053e257ae8cae57205592d6712,14095,ribeirao preto,SP
9906e7aa42a3c067b7c9a564d01c4320,87065,maringa,PR
1f1bb1f0859883505541bdd6606193e5,2124,sao paulo,SP
4200ddf1967c5e41e48db62bc6d4b5ac,9710,sao bernardo do campo,SP
64b87978a11c1ea7501a89eabe8c2c1a,19300,presidente bernardes,SP
236585a4ddb5fea9fa40233e2249ed91,95088,caxias do sul,RS
403aa86912527d730337ffcb0fb096ab,30220,belo horizonte,MG
c847e075301870dd144a116762eaff9a,38022,uberaba,MG
a5cba26a62b8b4d0145b68b841e62e7f,87303,campo mourao,PR
1025f0e2d44d7041d6cf58b6550e0bfa,3204,sao paulo,SP
891071be6ba827b591264c90c2ae8a63,3872,sao paulo,SP
3c4e0452bff7a2a788179488d3d77032,83408,colombo,PR
668bf321538e5072858eaef6087ce027,83323,pinhais,PR
6aa3928696eab49a19a466e665a649fd,26285,nova iguacu,RJ
ea1776927851da2532aa70d6a32c095a,8223,sao paulo,SP
827f8f69dfa529c561901c4f2e0f332f,81880,curitiba,PR
59fb871bf6f4522a87ba567b42dafecf,3655,sao paulo,SP
a1043bafd471dff536d0c462352beb48,37175,ilicinea,MG
8378eb36b6b70c5734e83ad7b8cdc3b7,88301,itajai,SC
3fac58ce0ad699020c7944d53c41329c,3480,sao paulo,SP
3b872fd4747f01cc56206f2934198618,14940,ibitinga,SP
6e4a902d1054e4e17aa6eab87fac1c75,18090,sorocaba,SP
92eb0f42c21942b6552362b9b114707d,3504,sao paulo,SP
f125f3a310c2e5f822d116147de1e474,3068,sao paulo,SP
72146da5774cabf2632faedcae097a76,85960,marechal candido rondon,PR
2709af9587499e95e803a6498a5a56e9,3813,sao paulo,SP
725c32fa80c2faacc4fc88450d27314e,3320,sao paulo,SP
850913d59ce317156b00f3705f1c3edb,12942,atibaia,SP
7354220fb240bde543b3c40c060d41e7,71215,brasilia,DF
e8b3a3a38279a82f0e5d006d5e5b7d2c,87230,jussara,PR
b17b679f4f5ce2e03ce6968c62648246,14090,ribeirao preto,SP
67225bff54a172ff67579aaf583efd78,85960,marechal candido rondon,PA
167fd940acebc789debd6eb418c46e38,14405,franca,SP
ce616e1913288884e7742faac9d981db,6711,cotia,SP
a1474fd46fd3430168f7ec202da39408,83321,pinhais,SP
e4253cef933647000a82ff39c67b7bde,5856,sao paulo,SP
0db783cfcd3b73998abc6e10e59a102f,11010,santos,SP
52f9db5cfb423382a2fa5c9e39303202,19830,echapora,SP
b76a1f8356322f12529c37b67d5c96c2,11015,santos,SP
431af27f296bc6519d890aa5a05fdb11,14110,ribeirao preto,SP
53088c75f948b48a7ece173ac17f0c12,95840,triunfo,RS
0be8ff43f22e456b4e0371b2245e4d01,4461,sao paulo,SP
1835b56ce799e6a4dc4eddc053f04066,14940,ibitinga,SP
2e13c71026e1a39ba5cc1b86dcb679aa,2265,sao paulo,SP
13d058e4eeac2ce8217660b2f8a05812,6080,osasco,SP
e48b04bf1aa1ef711caebeb7aede6180,80240,curitiba,PR
f67efa3f0b6761102a7f8c6b7b571f5d,82300,curitiba,PR
382229d1e840115ffe3dbf5ff460e417,23092,rio de janeiro,RJ
5c243662ce92d84573bfaff24c3e3700,3702,sao paulo,SP
262237171f48e85819065498cac80d7b,88352,brusque,SC
fd386aa7bed2af3c7035c65506c9b4a3,4208,sao paulo,SP
ff4e2d38692ce827b1a4f4b8196e680d,3319,sao paulo,SP
1b7e5006cb25dd23ce8686691013b121,2350,sao paulo,SP
4559697a8f7e637227c2eeaed843baff,19029,presidente prudente,SP
42fa4ee7240e9b8eb4576358ec142ba7,95012,caxias do sul,RS
7ecd59e5e20407131822c1a68ac59c1f,70719,brasilia,DF
e8f6dc8e6a1dcde89d20e3995c8d90b3,3476,sao paulo,SP
128f9bfbe4c7d5185033914b1de3d39a,12940,atibaia,SP
81a1104df0f08b59c68aa5b03cfe398e,83020,sao jose dos pinhais,PR
750303a20e9c56b2a6bc45cdce0b897d,74333,goiania,GO
f8db351d8c4c4c22c6835c19a46f01b0,13324,salto,SP
1838dd9b8977065acf51d95e0053ea7a,30882,belo horizonte,MG
5d378b73ab7dd6f0418d743e5dcb0bd1,1026,sao paulo,SP
1ca7077d890b907f89be8c954a02686a,6506,santana de parnaiba,SP
3a490ba60afa30ece0e7d50cfe74a4f0,31365,belo horizonte,MG
d566c37fa119d5e66c4e9052e83ee4ea,4131,sao paulo,SP
2199e7fe213c16213bf5d6a7eadc9a5d,11900,registro,SP
2b3e4a2a3ea8e01938cabda2a3e5cc79,4733,sao paulo,SP
e333046ce6517bd8bb510291d44f0130,18950,ipaussu,SP
5a425cc503b39b262a847fd6212bf53b,86010,londrina,PR
9803a40e82e45418ab7fb84091af5231,75901,rio verde,GO
43b2c864251aa0ce4030c746984e088a,71936,brasilia,DF
83e197e95a1bbabc8c75e883ed016c47,25900,mage,RJ
17eea220a40cc0d2c0c5346379682398,3565,sao paulo,SP
270297ead4c65a6cd2593960d2af6b21,4696,sao paulo,SP
5f0057b677eb963672bf05dfa3f16c34,1309,sao paulo,SP
17f51e7198701186712e53a39c564617,3908,sao paulo,SP
2addf05f476d0637864454e93ba673d5,70856,brasilia,DF
d1582f4043306e6b91afa6a8a884f898,3445,sao paulo,SP
655220df33262c7e0c4949a147366f94,9951,diadema,SP
f4ce8ca9fa7157e3b33f536ac9a4487d,16306,penapolis,SP
de9727ca376d1be6ec121b110aa7954c,87114,sarandi,PR
70a12e78e608ac31179aea7f8422044b,12327,jacarei,SP
808d4348b916efa08e766ebad39f61eb,2336,sao paulo,SP
2d2c62bef4c8ba0dd74e0e228e808539,14096,ribeirao preto,SP
ff063b022a9a0aab91bad2c9088760b7,9171,santo andre,SP
beadbee30901a7f61d031b6b686095ad,7097,guarulhos,SP
25cf099de44674fde97473224f9d59ab,6716,cotia,SP
d94a40fd42351c259927028d163af842,37443,baependi,MG
406740ee611378a662d274c7d8c43c4a,29056,vitoria,ES
0885aaf116795758dfeb5f1032487bcd,8541,ferraz de vasconcelos,SP
dfc5fb7259bb2b599ca565e6e9448f0f,9780,sao bernardo do campo,SP
3a3e46d10f74d8a6ca76e2b538f106a0,2522,sao paulo,SP
2d2322d842118867781fc737e96d59a1,5879,sao paulo,SP
e4fc40017a6d22c46a14ac2e17f87c3e,86702,arapongas,PR
2bf6a2c1e71bbd29a4ad64e6d3c3629f,28615,nova friburgo,RJ
7c4618c82226628831613e95e9c22f44,18136,sao roque,SP
06579cb253ecd5a3a12a9e6eb6bf8f47,4007,sao paulo - sp,SP
8ab42aa58097fd4668d60cc648225d5f,74150,goiania,GO
4978a02ea9c8be7a9b5480680f40334e,8215,sao paulo,SP
fe701d88b67eaca109dffd464d1be9f9,24900,marica,RJ
46dc3b2cc0980fb8ec44634e21d2718e,22240,rio de janeiro,RJ
81f89e42267213cb94da7ddc301651da,19063,presidente prudente,SP
58f1a6197ed863543e0136bdedb3fce2,36407,conselheiro lafaiete,MG
165fc07beebdcb6190fba8a06db2a449,87015,maringa,PR
0691148aee60ca47977c187804f935ae,86010,londrina,PR
cac876b37d3abcd6bd76caca30277996,85816,cascavel,PR
70eea00b476a314817cefde4aad4f89a,13250,itatiba,SP
2fdde51ad3e12f297da656d4fbd5d0b5,89228,joinville,SC
7040e82f899a04d1b434b795a43b4617,1026,sao paulo,SP
83a75eea11694e36e56dd0cb2240229a,13905,amparo,SP
20b54c376b794ed028df09a3cd88e8dc,9560,sao caetano do sul,SP
d66c305afaec317ebee552073a674429,33936,ribeirao das neves,MG
adbe70ab2c97442046d393988c8d1d27,9321,maua,SP
42bde9fef835393bb8a8849cb6b7f245,71551,brasilia,DF
66922902710d126a0e7d26b0e3805106,31842,belo horizonte,MG
05f51e13da97139648b8125c31e5f51b,31910,belo horizonte,MG
7d456afc660226829370f3173d14520c,8820,mogi das cruzes,SP
1900267e848ceeba8fa32d80c1a5f5a8,14940,ibitinga,SP
eb9cd5b35d95206585e2185318cb5c61,3064,sao paulo,SP
08d2d642cf72b622b14dde1d2f5eb2f5,17512,marilia,SP
0e982cff76cc0579f632cea8a0e38c9d,88316,itajai,SC
6ee85be3693ed79a8e80718743d80655,3937,sao paulo,SP
d5ba419e26d246a0719437cf37d9b46d,3437,sao paulo,SP
f789d2c4f2c2eb38fc4373e7a4b35264,36010,juiz de fora,MG
880eda903e719a5f179f7e9fceb3a69d,14610,ipua,SP
31da954dc0855f2495c6310f70a2f931,13601,araras,SP
c18309219e789960add0b2255ca4b091,20521,rio de janeiro,RJ
17e34d8224d27a541263c4c64b11a56b,14085,riberao preto,SP
870d0118f7a9d85960f29ad89d5d989a,37708,pocos de caldas,MG
ec8879960bd2221d5c32f8e12f7da711,13253,itatiba,SP
6b9b80d53ba3676eafe60268a810b5a1,31160,belo horizonte,SP
9df5750209b83567ec144eb299d7d634,93032,sao leopoldo,RS
4342d4b2ba6b161468c63a7e7cfce593,22793,rio de janeiro,RJ
06df0c10d34e459d9672bc77388742eb,87045,maringa,PR
3c03b12bab54d8b37d79d914bfdb1aa0,25561,sao joao de meriti,RJ
9d5a9018aee56acb367ba9c3f05d1d6a,74930,aparecida de goiania,GO
f9244d45189d3a3605499abddeade7d5,3029,sao paulo,SP
2b3b9ce054da76a7428df143a567b156,3572,sao paulo,SP
198c7ea11960a9844b544d9bcdca860c,37590,jacutinga,MG
66e0557ecc2b4dbea057e93f215f68d8,4771,sao paulo,SP
daeb5653dd96c1b11860f72209795012,31310,belo horizonte,MG
228e4c1a0be164f613d41c24345f9d2c,86360,bandeirantes,PR
87e24fc7052259b1f7f607d61c10d8be,5734,sao paulo,SP
d66c11a9572221d92fbb8c4897db5f9b,20770,rio de janeiro,RJ
c70c1b0d8ca86052f45a432a38b73958,13186,hortolandia,SP
15ead3a5037a918ddb520dfe39a3d2b9,36401,conselheiro lafaiete,MG
725af026f869236a8dd0ceb98564d156,35530,claudio,MG
98dddbc4601dd4443ca174359b237166,87111,sarandi,PR
f8201cab383e484733266d1906e2fdfa,88137,palhoca,SC
