data,titulo,link,categoria,conteudo
"6 abril, 2026",Divulgado resultado do Projeto de Extensão “International Student Application Process”,https://ifpr.edu.br/foz-do-iguacu/divulgado-resultado-do-projeto-de-extensao-international-student-application-process/,Internacional,"Saiba maisProcessos em andamento.Sistemas Acadêmicos, Administrativos e HelpdeskInformações sobre as bibliotecas do IFPRInternacionalPublicado em6 abril, 2026O Instituto Federal do Paraná (IFPR) – Campus Foz do Iguaçu divulgou o resultado da seleção de estudantes que participarão do Projeto de Extensão“International Student Application Process:Formação e Orientação para Acesso ao Ensino Superior no Exterior”, o qual oferece orientação gratuita a estudantes interessados em ingressar em universidades estrangeiras, especialmente nos Estados Unidos.No processo seletivo, foi priorizado o bom nível de inglês (intermediário/avançado) dos estudantes, considerando que o projeto não tem como objetivo ensinar a língua, mas sim potencializar alunos que já possuem fluência para participarem de exames de universidades internacionais, especialmente americanas. Isso  deve-se ao fato de que não haveria tempo hábil para desenvolver o idioma até o nível exigido por essas instituições.Também foi considerado o momento acadêmico dos estudantes, priorizando alunos em fase de aplicação:* 3º e 4º anos do Ensino Médio Integrado (no caso do IFPR);* 2º e 3º anos do Ensino Médio Regular para alunos da comunidade externa.A coordenadora, professora Patrícia Ramos, explica que alunos universitários não foram considerados elegíveis, uma vez que o foco do projeto está na preparação para ingresso no ensino superior internacional.O primeiro encontro com o grupo será nosábado, dia 11/04, às 9h30. Após esse momento inicial, os participantes serão organizados em grupos e horários que permitam atender todos de forma adequada.Segue, abaixo, a lista dos alunos selecionados:ALUNOS SELECIONADOS PARA O PROJETO DE EXTENSÃO “International Student Application Process: Formação e Orientação para Acesso ao Ensino Superior no Exterior”Seleção interna – IFPR Campus Foz do IguaçuAna Beatriz Georgette da Cruz – 4º EdificaçõesArthur Roberto Dartora Fernandes – 4º TDSCamily Vitória dos Santos Guillen – 4º Meio AmbienteDavi Wacheski Sacardo – 3º TDSEduardo Gonella – 3º TDSFelipe Lenz Soares dos Santos – 4º TDSGabriel Augusto de Lima Silva – 3º TDSHenrique Akira Murakami – 3º TDSMaycon Jonathan Geraldo de Santana – 3º TDSMurilo de Barros Iscuissati – 3º TDSMurilo Henrique Abreu Lobo – 3º Meio AmbienteNicolle Maria Kozievitch Hoffelder – 4º Meio AmbientePedro Gabriel de Oliveira Ten Caten – 3º AquiculturaPietro Moro Sepp – 3º TDSThéo Marlon Spath Tannouri – 3º TDSSeleção externa – inclui outros campi do IFPR e comunidade externaDanilo Fraga Freitas – (Avançado)Letícia de Araújo Moraes – IFPR Pinhais (3º ano)Maria Eduarda Oliveira de Lima – (Intermediário)Nicolas Felipe Iatcekiw Bergmann – CPM (Intermediário)Rodrigo Woll Freire – 3º ano do Ensino Médio (Colegio Estadual Cataratas do Iguaçu)Consulte o cadastro do IFPR no e-mecIFPR – Campus Foz do Iguaçu – Avenida Araucária, 780, Bairro Vila A – CEP: 85860-000 – Foz do Iguaçu – Paraná."
"31 março, 2026",Programa Partiu IF divulga resultado,https://ifpr.edu.br/foz-do-iguacu/programa-partiu-if-divulga-resultado/,PartiuIF,"Saiba maisProcessos em andamento.Sistemas Acadêmicos, Administrativos e HelpdeskInformações sobre as bibliotecas do IFPRPartiuIFPublicado em31 março, 2026O IFPR divulgou o resultado final do processo seletivo para o preenchimento de vagas destinadas a ESTUDANTES no âmbito doPrograma PartiuIF do IFPR, no ano de 2026.A iniciativa oferece aulas de reforço nas áreas da Matemática, Língua Portuguesa e Ciências da Natureza.Acesse aqui a lista com os aprovados para o programa no IFPR – Campus Foz do Iguaçu.O curso é totalmente gratuito e tem como objetivo preparar os estudantes do ensino fundamental de escolas públicas para o ingresso na Rede Federal de Educação Profissional, Científica e Tecnológica, da qual o IFPR faz parte.Além das aulas, os estudantes selecionados vão receber uma bolsa mensal de R$ 200, com o objetivo de estimular a frequência e a conclusão do curso.Os participantes também poderão concorrer às vagas do Processo Seletivo do IFPR reservadas a quem cursou o Programa Partiu IF em 2026.O início das aulas está previsto para o dia6 de abril, na unidade do IFPR para o qual o candidato se inscreveu e foi selecionado.Antes de realizar a inscrição, é recomendado que o estudante leia oedital 43, que traz todas as informações e orientações para realização de inscrição e matrículas.Mais informações podem ser encontradas na página doPrograma Partiu IF.Consulte o cadastro do IFPR no e-mecIFPR – Campus Foz do Iguaçu – Avenida Araucária, 780, Bairro Vila A – CEP: 85860-000 – Foz do Iguaçu – Paraná."
"27 março, 2026",IFPR – Foz divulga edital do Programa de Apoio a Eventos Estudantis,https://ifpr.edu.br/foz-do-iguacu/ifpr-foz-divulga-edital-do-programa-de-apoio-a-eventos-estudantis-3/,Participação em eventos,"Saiba maisProcessos em andamento.Sistemas Acadêmicos, Administrativos e HelpdeskInformações sobre as bibliotecas do IFPRParticipação em eventosPublicado em27 março, 2026O Instituto Federal do Paraná (IFPR) – Campus Foz do Iguaçu tornou público, no dia 27 de março, oEdital Nº 61, que rege o processo de inscrição e seleção de estudantes devidamente matriculados nos cursos regulares presenciais do IFPR para atuação junto aoPrograma de Apoio a Eventos Estudantis, referente ao exercício de 2026.O programa de Apoio à Participação em Eventos Estudantis tem como objetivo viabilizar a participação dos/as estudantes em eventos científicos (congressos, simpósios, seminários, conferências, entre outros); eventos políticos-acadêmicos (Grêmio Estudantil e Centros Acadêmicos); e outros eventos estudantis (atividades artísticas, esportivas e olimpíadas de conhecimento), por meio do repasse financeiro para custear parcialmente despesas com inscrição, alimentação, hospedagem e transporte.O Edital contempla a concessão de auxílio financeiro para custear parcialmente as seguintes despesas em eventos estudantis:1. Inscrição (até R$ 220,00)2. Alimentação (R$ 100,00)4. Hospedagem (R$ 130,00)5. Transporte (R$ 0,90 por km – teto de R$1.100,00)O edital é de fluxo contínuo e tem vigência de abril/2026 até dezembro/2026, havendo disponibilidade orçamentária.Para se inscrever, o estudante deve preencher o :Formulário de Inscrição – Eventos 2026Em caso de dúvidas durante o processo de solicitação, o/a estudante deverá entrar em contato com a Seção Pedagógica e de Assuntos Estudantis do Campus Foz do Iguaçu, pelo e-mail:sepae.foz@ifpr.edu.brWhatsapp: (45) 3422-5331Consulte o cadastro do IFPR no e-mecIFPR – Campus Foz do Iguaçu – Avenida Araucária, 780, Bairro Vila A – CEP: 85860-000 – Foz do Iguaçu – Paraná."
"25 março, 2026",Projeto IFPR Maker ofertará oficinas de programação e robótica para estudantes de escolas públicas,https://ifpr.edu.br/foz-do-iguacu/projeto-ifpr-maker-ofertara-oficinas-de-programacao-e-robotica-para-estudantes-de-escolas-publicas-4/,EXTENSÃO,"Saiba maisProcessos em andamento.Sistemas Acadêmicos, Administrativos e HelpdeskInformações sobre as bibliotecas do IFPREXTENSÃOPublicado em25 março, 2026O Projeto de Extensão IFPR Maker do Instituto Federal do Paraná – Campus Foz do Iguaçu, coordenado pelo professor Daniel Di Domenico, está com inscrições abertas,até 19 de abril, para oficinas gratuitas e presenciais de formação básica nas áreas deProgramação,Robótica EducacionaleCultura Maker. As informações estão disponíveis noEdital Nº 56/2026.As atividades destinam-se a estudantes doEnsino Médiodo IFPR edeoutrasescolas públicasdo município de Foz do Iguaçu e região. O objetivo é introduzir conceitos fundamentais sobre ferramentas manuais, lógica de programação, microcontroladores, programação para dispositivos móveis e modelagem 3D. Com foco em atividades práticas, os participantes explorarão ferramentas para aplicar os conceitos de programação, robótica e cultura maker.As inscrições serão feitas peloFormulário Eletrônico.Os encontros irão ocorrer às segundas-feiras, no horário das 14h às 17h, no IFPR, localizado na Av. Araucária, 780 – Vila A, Foz do Iguaçu.A seleção será realizada por uma Comissão de Seleção.O projeto terácertificaçãopara os participantes com carga horária de 27 horas.Ao todo, serão realizadas oito oficinas e uma atividade integrativa ao final, de acordo com o cronograma abaixo.Dúvidas e mais informações pelo e-mail: projetoifprmaker@gmail.com.Consulte o cadastro do IFPR no e-mecIFPR – Campus Foz do Iguaçu – Avenida Araucária, 780, Bairro Vila A – CEP: 85860-000 – Foz do Iguaçu – Paraná."
"20 março, 2026",Jogos Internos 2026 do IFPR Foz celebram o esporte e a integração,https://ifpr.edu.br/foz-do-iguacu/jogos-internos-2026-do-ifpr-foz-celebram-o-esporte-e-a-integracao/,Esportes,"Saiba maisProcessos em andamento.Sistemas Acadêmicos, Administrativos e HelpdeskInformações sobre as bibliotecas do IFPREsportesPublicado em20 março, 2026Dois dias de muita competição, integração e espírito esportivo marcaram os Jogos Internos do IFPR – Campus Foz do Iguaçu. Realizado nos dias 12 e 13 de março, o evento reuniu estudantes de diferentes cursos em uma ampla programação esportiva. Nas oportunidade, nossos alunos e alunas dos cursos técnicos integrados ao Ensino Médio disputaram em diversas modalidades, como atletismo, esportes coletivos, jogos de mesa e atividades recreativas, reforçando o espírito de integração e competitividade entre os participantes.Ao final das competições, a pontuação geral consagrou o curso deTécnicoDesenvolvimento de Sistemas(TDS)como campeão dos Jogos Internos 2026, somando 164,10 pontos. Em segundo lugar ficouAquicultura, com 152,60 pontos, seguido porMeio Ambiente, com 142 pontos. O curso deEdificaçõesencerrou a competição na quarta colocação, com 126,30 pontos.Além dos resultados, o evento foi marcado pela participação ativa das torcidas e pelo envolvimento da comunidade acadêmica, fortalecendo o ambiente escolar e promovendo valores como trabalho em equipe, respeito e superação. O curso deAquicultura levou o 1º lugar na disputa entre torcidas.Coordenados pelo professor de Educação Física, Fábio Castilha, os Jogos Internos do IFPR consolidam-se como uma importante iniciativa de incentivo ao esporte e à convivência entre os estudantes no Campus, contribuindo para a formação integral dos participantes.Os resultados com as pontuações podem ser conferidos aqui:https://docs.google.com/document/d/1-3_tBP1VrPopORvqiKrEpVU9H7LmQsqZ/editCabo de guerra misto:1º Edificações 2 / Forte no Bruto | 2º Aquicultura 1 | 3º Meio AmbienteArremesso de peso feminino:1º Eduarda Nancy (Aquicultura) | 2º Julia Begnini (Meio Ambiente) | 3º Antonella Lara (Edificações)Arremesso de peso masculino:1º Petrus M. Souza (Desenvolvimento de Sistemas) | 2º Otávio (Desenvolvimento de Sistemas) | 3º Carlos Ítalo Dias (Aquicultura)Corrida de velocidade feminino:1º Marina Cordeiro (Meio Ambiente) | 2º Julia Begnini (Meio Ambiente) | 3º Rebeca C. (Aquicultura)Corrida de velocidade masculino:1º Carlos Ítalo (Aquicultura) | 2º Davi Montanheiro (Desenvolvimento de Sistemas) | 3º Cleber (Edificações)Corrida de revezamento misto:1º Meio Ambiente | 2º Aquicultura | 3º Desenvolvimento de SistemasVoleibol feminino:1º Aquicultura | 2º Meio Ambiente | 3º EdificaçõesVoleibol masculino:1º Desenvolvimento de Sistemas | 2º Meio Ambiente | 3º AquiculturaFutsal feminino:1º Aquicultura | 2º Edificações | 3º Meio AmbienteFutsal masculino:1º Edificações 1 / Tijolada FC | 2º Desenvolvimento de Sistemas | 3º Desenvolvimento de Sistemas 1Queimada mista:1º Meio Ambiente | 2º Edificações 1 / Demolição Total | 3º Aquicultura / Los BagresTênis de mesa feminino:1º Gisele Queiroz (Aquicultura) | 2º Eduarda Nancy (Aquicultura) | 3º Seni Samira (Aquicultura)Tênis de mesa masculino:1º Cleber Eduardo (Edificações) | 2º Murilo Gomes (Edificações) | 3º Thiago Dier (Desenvolvimento de Sistemas)Xadrez feminino (blitz):1º Maria Teixeira (Desenvolvimento de Sistemas) | 2º Camilly Guillen (Meio Ambiente) | 3º Diana Kodri (Edificações)Xadrez feminino (rápidas):1º Maria Teixeira (Desenvolvimento de Sistemas) | 2º Camilly Guillen (Meio Ambiente) | 3º Stephany Xavier (Meio Ambiente)Xadrez masculino (blitz):1º Adriel Pozzo (Desenvolvimento de Sistemas) | 2º Victor Henrique (Desenvolvimento de Sistemas) | 3º Cayo Silva (Desenvolvimento de Sistemas)Xadrez masculino (rápidas):1º Guilherme Canever (Desenvolvimento de Sistemas) | 2º Adriel Pozzo (Desenvolvimento de Sistemas) | 3º Felipe Sousa (Aquicultura)Consulte o cadastro do IFPR no e-mecIFPR – Campus Foz do Iguaçu – Avenida Araucária, 780, Bairro Vila A – CEP: 85860-000 – Foz do Iguaçu – Paraná."
"18 março, 2026",Cineciência promove reflexão sobre o papel das mulheres na ciência em evento no IFPR Foz,https://ifpr.edu.br/foz-do-iguacu/cineciencia-promove-reflexao-sobre-o-papel-das-mulheres-na-ciencia-em-evento-especial-no-ifpr/,Notícias,"Saiba maisProcessos em andamento.Sistemas Acadêmicos, Administrativos e HelpdeskInformações sobre as bibliotecas do IFPRNotíciasPublicado em18 março, 2026Você já parou para pensar nos desafios enfrentados pelas mulheres que transformaram a história da ciência? Pensando em dar visibilidade a essas trajetórias e fomentar o debate sobre a equidade de gênero no meio acadêmico e científico, o Instituto Federal do Paraná (IFPR) – Campus Foz do Iguaçu promove uma edição especial doProjeto Cineciência – Razão e Imaginação.A iniciativa, que celebra oMês das Mulheres, ocorre no dia 25 de março, a partir das 14h30, no miniauditório do Campus. A atividade é gratuita e voltada principalmente para estudantes do Ensino Médio e da Graduação. Inscrições através do link:https://forms.gle/5ownUBZ5VK93dEDK7.A programação terá início com a exibição do filme “Radioactive” (2019), longa-metragem que narra a vida da física e química polonesa Marie Curie, figura central na história da ciência mundial. Pioneira e vencedora de dois Prêmios Nobel em diferentes categorias (Física e Química), Curie enfrentou inúmeras barreiras em uma época em que o acesso das mulheres à educação formal e à pesquisa era severamente restrito. O filme serve como ponto de partida para uma discussão mais ampla sobre os obstáculos que persistem na atualidade.Após a sessão, será realizada umaroda de conversa com o tema “Mulheres na Ciência”. O debate abordará questões fundamentais como os desafios enfrentados por pesquisadoras no desenvolvimento de suas carreiras, dados atualizados sobre a participação feminina nas diversas áreas do conhecimento e os caminhos possíveis para alcançar uma liderança mais equitativa nos espaços de produção científica.A coordenadora do Projeto explica que a proposta é unir cultura e conscientização, reforçando a mensagem de que a ciência também tem voz feminina e que é preciso incentivar a entrada e a permanência de meninas e mulheres nesse universo.As inscrições para participar já estão abertas e devem ser realizadas por meio doformulário eletrônico.Haverá pipoca livre para os participantes, que poderão levar bebidas se quiserem. Uma oportunidade para socializar, aprender, refletir e se inspirar com histórias de superação e contribuições essenciais para a humanidade.Consulte o cadastro do IFPR no e-mecIFPR – Campus Foz do Iguaçu – Avenida Araucária, 780, Bairro Vila A – CEP: 85860-000 – Foz do Iguaçu – Paraná."
"17 março, 2026",IFPR abre inscrições para projeto de orientação a estudos no exterior,https://ifpr.edu.br/foz-do-iguacu/ifpr-abre-inscricoes-para-projeto-de-orientacao-a-estudos-no-exterior/,Internacional,"Saiba maisProcessos em andamento.Sistemas Acadêmicos, Administrativos e HelpdeskInformações sobre as bibliotecas do IFPRInternacionalPublicado em17 março, 2026O Instituto Federal do Paraná (IFPR) – Campus Foz do Iguaçu está com inscrições abertas para o Projeto de Extensão“International Student Application Process:Formação e Orientação para Acesso ao Ensino Superior no Exterior”, que oferece orientação gratuita a estudantes interessados em ingressar em universidades estrangeiras, especialmente nos Estados Unidos.As inscrições são gratuitas e podem ser realizadas de 17 a 31 de marçopor meio deformulário on-line. Ao todo, são oferecidas 14 vagas, sendo 10 destinadas a alunos do próprio IFPR e 4 para candidatos externos à instituição.A iniciativa visa capacitar os participantes sobre as etapas necessárias para estudar fora do país, abordando desde a pesquisa de oportunidades até a preparação para entrevistas. Entre os tópicos abordados estãoestratégias para encontrar bolsas de estudo,elaboração de currículo acadêmico,orientações para candidatura a universidades dos Estados Unidos e Europa e simulação de processos seletivos.Segundo a coordenadora do projeto, professora Patricia de Lara Ramos,a proposta tem como objetivo promover a equidade de acesso à informação, o desenvolvimento de competências acadêmicas e a ampliação das perspectivas de mobilidade internacional.A iniciativa será desenvolvida em duas etapas complementares: (1) formação interna de estudantes do Campus, com acompanhamento sistemático e orientação individual e coletiva acerca das etapas do processo de candidatura internacional; e (2) oferta de oficinas abertas à comunidade externa, democratizando o acesso ao conhecimento sobre bolsas de estudo, exames de proficiência, construção de currículo acadêmico, cartas de motivação, entrevistas e planejamento estratégico de candidatura.O projeto representa uma oportunidade para quem deseja planejar uma trajetória acadêmica internacional. Os interessados devem preencher o formulário disponível emhttps://forms.gle/Pv41AR9ei8unxVru8e garantir a participação. As vagas são limitadas, e a organização reforça a importância de se inscrever dentro do prazo estipulado.Consulte o cadastro do IFPR no e-mecIFPR – Campus Foz do Iguaçu – Avenida Araucária, 780, Bairro Vila A – CEP: 85860-000 – Foz do Iguaçu – Paraná."
"16 março, 2026",IFPR Foz realiza programação especial alusiva ao Mês das Mulheres,https://ifpr.edu.br/foz-do-iguacu/ifpr-foz-realiza-programacao-especial-alusiva-ao-mes-das-mulheres/,Notícias,"Saiba maisProcessos em andamento.Sistemas Acadêmicos, Administrativos e HelpdeskInformações sobre as bibliotecas do IFPRNotíciasPublicado em16 março, 2026Como você tem contribuído para a igualdade de gênero?Para refletir sobre essa questão tão importante, o Instituto Federal do Paraná (IFPR) – Campus Foz do Iguaçu promoveu a programação especial em alusão ao Mês das Mulheres, reunindo estudantes, servidores e a comunidade acadêmica em torno do diálogo sobre igualdade de gênero, respeito às mulheres, enfrentamento ao sexismo e combate à violência contra as mulheres. Organizada peloNúcleo de Gênero, Diversidade Sexual e Interseccionalidade (Nugedis), com apoio da Direção-Geral do campus, a manhã ocorreu no sábado (14/03).A programação teve início com uma acolhida aos participantes, seguida da atividade“Exibindo a igualdade de gênero”,um varal com mensagens e reflexões sobre o tema. Em seguida, um lanche coletivo trouxe uma provocação ao público:“Quem preparou seu lanche?”,convidando os participantes a refletirem sobre a divisão de tarefas e o trabalho frequentemente invisibilizado no cotidiano.Um dos destaques do evento foi amesa-redonda “Como responder ao sexismo do dia a dia?”, que reuniu seis mulheres que se destacam em diferentes áreas profissionais relacionadas aos cursos ofertados pelo campus. Participaram da conversaJuliana Alice Lösch Nervis,supervisora de Assistência Técnica em Piscicultura na Cooperativa Agroindustrial Consolata (Copacol);Larissa Barbado, egressa da primeira turma de Informática do IFPR Foz (2010–2012) e atualmente consultora e analista de projetos e dados;Emanuele Furlan Pretto, engenheira civil e de segurança do trabalho e gerente técnica na Tarobá Construções;Pamela Matinc,engenheira ambiental do Centro de Competência em Inteligência e Gestão Territorial do Itaipu Parquetec;Dáfni Fernanda Zenedin Marchioro,professora titular da Universidade Federal da Integração Latino-Americana (Unila), no Instituto Latino-Americano de Ciências da Vida e da Natureza; eIve Nunes, chef executiva do Grupo Capitão.Durante a mesa, as convidadas compartilharam suas trajetórias profissionais, desafios enfrentados em ambientes de trabalho ainda marcados por desigualdades e estratégias para lidar com situações de sexismo no cotidiano.A engenheira de Pesca Juliana Lösch Nervis fez uma fala inspiradora abordando a presença feminina na Aquicultura. “Quando uma mulher conquista um espaço no mercado de trabalho, ela abre caminho para muitas outras. O futuro do trabalho não será definido pelo gênero de quem ocupa o espaço, mas pela coragem de quem decide transformá-lo”, concluiuA doutora em Física Dáfni Marchioro narrou um pouco de sua trajetória profissional sempre em posição como integrante de uma minoria, desdea graduação, passando pelo doutorado e até os dias atuais. Ela ressalta que “o que todos nós precisamos fazer é empoderar meninas e mulheres, incentivando e apoiando suas escolhas.Os estudantes participaram ativamente com perguntas e declarações importantes acerca da temática.Outro momento importante da programação foi o lançamento do Banco Vermelho no campus – um símbolo internacional de reflexão e conscientização sobre a violência contra as mulheres e o feminicídio.A iniciativa é incentivada pela Reitoria do IFPR e vem sendo replicada em diversos campi da instituição, fortalecendo ações de sensibilização e enfrentamento à violência de gênero em toda a comunidade acadêmica. No Campus Foz do Iguaçu, o projeto conta com o apoio da Direção-Geral e do Nugedis.Mais do que um elemento simbólico no espaço do campus, o Banco Vermelho busca provocar reflexão permanente sobre a importância do respeito, da igualdade e do enfrentamento a todas as formas de violência de gênero.O Núcleo de Gênero do IFPR Foz foi criado em novembro de 2025.  Ele atua como espaço de promoção de uma educação para a convivência ética e democrática, contribuindo com a construção da equidade de gênero, com o respeito à diversidade sexual, e com a prevênção e o enfrentamento às violências e a todas as formas de discriminação.Este foi o primeiro grande evento promovido no Campus pelo Nugedis. A coordenadora do Nugedis/IFPR Foz,professora Márcia Tiemi Saito,acredita que o evento superou as expectativas. “Com esta programação, buscamos conscientizar sobre a importância de todos, homens e mulheres, em construir uma sociedade mais justa e igualitária, que trate as mulheres com respeito e dignidade. Fico muito feliz porque acredito que alcançamos um grande envolvimento de todos os participantes. Ficou nítido pelas mensagens deixadas no varal e pela grande quantidade de perguntas e depoimentos ao final do evento”ressaltou.Atualmente, é composto pela professoras:Gislaine Simões, Juliana Quiñonez Benacchio; Luana Pierre, Márcia Saito e Silvana Testoni.A coordenadora Márcia Saito ressalta que o Nugedis está de portas abertas a todos os interessados em fazer parte do Núcleo. Para entrar em contato, é só enviar e-mail para nugedis.foz@ifpr.edu.br.Em casos de violência contra a mulher, a denúncia pode ser feita pelotelefone 180, da Central de Atendimento à Mulher.Consulte o cadastro do IFPR no e-mecIFPR – Campus Foz do Iguaçu – Avenida Araucária, 780, Bairro Vila A – CEP: 85860-000 – Foz do Iguaçu – Paraná."
"13 março, 2026",IFPR Foz recebe professor visitante da República Dominicana,https://ifpr.edu.br/foz-do-iguacu/ifpr-foz-recebe-professor-visitante-da-republica-dominicana/,Notícias,"Saiba maisProcessos em andamento.Sistemas Acadêmicos, Administrativos e HelpdeskInformações sobre as bibliotecas do IFPRNotíciasPublicado em13 março, 2026O Instituto Federal do Paraná – Campus Foz do Iguaçu recebeu, neste mês março, o professor Dr. Richard Felipe Almaguer López, docente de Educação Física do Instituto Superior de Formação Docente Salomé Ureña, da República Dominicana.Professor cubano radicado no país caribenho, ele está no Brasil por meio de um projeto de internacionalização do IFPR, realizando um estágio de docência nos campi Foz do Iguaçu e Palmas.Acompanhado pelos professores Fábio Castilha e Patrícia Gaion,  o docente desenvolveu atividades teóricas e práticas sobre handebol, compartilhando sua experiência de mais de 40 anos de docência.Na próxima semana  (14 a 28 de março), o professor Richard irá para o Campus Palmas do IFPR, onde atuará no ensino superior em Educação Física, abordando Treinamento Desportivo, iniciação esportiva e esportes coletivos.A iniciativa fortalece a internacionalização, o intercâmbio de conhecimentos e a formação acadêmica no IFPR.Consulte o cadastro do IFPR no e-mecIFPR – Campus Foz do Iguaçu – Avenida Araucária, 780, Bairro Vila A – CEP: 85860-000 – Foz do Iguaçu – Paraná."
"11 março, 2026",Publicados editais de Afastamento Integral para Pós Graduação,https://ifpr.edu.br/foz-do-iguacu/publicados-editais-de-afastamento-integral-para-pos-graduacao/,afastamento,"Saiba maisProcessos em andamento.Sistemas Acadêmicos, Administrativos e HelpdeskInformações sobre as bibliotecas do IFPRafastamentoPublicado em11 março, 2026O IFPR – Campus Foz do Iguaçu publicou dois editais voltados o afastamento integral para participação em programa de pós-graduação stricto sensu ou de pós-doutorado, no país ou no exterior.AFASTAMENTO INTEGRAL PARA PÓS GRADUAÇÃOPROFESSOR EBTTOEdital DG/FOZ/IFPR nº 45/2026abre inscrições paraprofessoresinteressados em se afastar para pós graduação. Para se inscrever, o(a) candidato(a) deverá abrir o processo de afastamento para pós-graduação stricto sensu ou de pós-doutorado (Integral), no Sistema Eletrônico de Informação – SEI IFPR, incluir os documentos obrigatórios e enviá-lo para a SEGEPE do campus até o dia18/03/2026.TÉCNICOS ADMINISTRATIVOSJá oEdital DG/FOZ/IFPR nº 51/2026abre inscrições para a seleção paraTécnico-Administrativoem Educação – TAE do Instituto Federal do Paraná – IFPR interessados em requerer o afastamento integral para participação em programa de pós-graduação stricto sensu ou de pós-doutorado, no país ou no exterior.Para realizar a inscrição, o(a) candidato(a) deverá abrir o processo de afastamento para pós-graduaçãono Sistema Eletrônico de Informação – SEI IFPR, incluir os documentos obrigatórios e enviá-lo à SEGEPE do campus até o dia25/03/2026.Consulte o cadastro do IFPR no e-mecIFPR – Campus Foz do Iguaçu – Avenida Araucária, 780, Bairro Vila A – CEP: 85860-000 – Foz do Iguaçu – Paraná."
"11 março, 2026",IFPR Foz celebra Formatura 2026,https://ifpr.edu.br/foz-do-iguacu/ifpr-foz-celebra-formatura-2026/,Notícias,"Saiba maisProcessos em andamento.Sistemas Acadêmicos, Administrativos e HelpdeskInformações sobre as bibliotecas do IFPRNotíciasPublicado em11 março, 2026O Instituto Federal do Paraná (IFPR) – Campus Foz do Iguaçu realizou, no sábado (07/03), no Auditório da Unioeste, três de sessões solenes que marcaram a conclusão de cursos técnicos e superiores de quase 200 estudantes. As cerimônias reuniram formandos, familiares, servidores e autoridades acadêmicas para celebrar o encerramento de mais um ciclo de formação profissional na instituição.As cerimônias contaram com a presença do reitor do IFPR, professor Adriano Willian da Silva Viana Pereira, que presidiu as sessões, além da diretora-geral do campus, professora  Kayla Garmus, e coordenadores de curso.Naprimeira sessãoda solenidade, realizada no período da tarde, 50 estudantes receberam seus certificados de conclusão dos cursosTécnicos em Edificações e em Meio Ambiente.Na sequência, asegunda sessãocelebrou a certificação de 63 estudantes dos cursosTécnicos em Aquicultura, em Desenvolvimento de Sistemas e do curso técnico subsequente em Gastronomia.Aterceira e última sessãofoi dedicada à colação de grau dos formandos dos cursos de Graduação:Engenharia de Aquicultura, Licenciatura em Física, Tecnologia em Análise e Desenvolvimento de Sistemas e Tecnologia em Gastronomia.As solenidades reforçaram o papel do IFPR na formação técnica e cidadã de profissionais preparados para diferentes áreas do mercado de trabalho. Em um clima de emoção e conquista, as cerimônias marcaram não apenas o encerramento da trajetória acadêmica dos estudantes, mas também o início de novos caminhos profissionais e pessoais para os formandos.Confira quem foram osSERVIDORES HOMENAGEADOSpelas turmas.Para ver as fotos da formatura, acesseos álbuns nossa página no Facebook.Consulte o cadastro do IFPR no e-mecIFPR – Campus Foz do Iguaçu – Avenida Araucária, 780, Bairro Vila A – CEP: 85860-000 – Foz do Iguaçu – Paraná."
"11 março, 2026",Divulgado resultado da prova de Suficiência em Inglês – 2026,https://ifpr.edu.br/foz-do-iguacu/34030-2/,Notícias,"Saiba maisProcessos em andamento.Sistemas Acadêmicos, Administrativos e HelpdeskInformações sobre as bibliotecas do IFPRNotíciasPublicado em11 março, 2026O IFPR Foz divulgou o resultado da Prova de Suficiência e Validação de Conhecimentos Anteriores em Língua Estrangeira Moderna – Inglês 2026. Os nomes dos aprovados está noEdital Nº50.A avaliação ocorreu em duas etapas: 1ª fase (prova escrita) e 2ª fase (prova oral e produção escrita).Os estudantes aprovados estão dispensados da disciplina de Língua Inglesa na série/ano em que estiverem matriculados.Consulte o cadastro do IFPR no e-mecIFPR – Campus Foz do Iguaçu – Avenida Araucária, 780, Bairro Vila A – CEP: 85860-000 – Foz do Iguaçu – Paraná."
"6 março, 2026",Abertas as inscrições para estágio na área de Pedagogia,https://ifpr.edu.br/foz-do-iguacu/abertas-as-inscricoes-para-estagio-na-area-de-pedagogia/,Estágio,"Saiba maisProcessos em andamento.Sistemas Acadêmicos, Administrativos e HelpdeskInformações sobre as bibliotecas do IFPREstágioPublicado em6 março, 2026O Instituto Federal do Paraná (IFPR) – Campus Foz do Iguaçu está com inscrições abertas,de 09 a 23 de março,para o Processo Seletivo Simplificado que oferta uma vaga para estágio na Seção Pedagógica e de Assuntos Estudantis – SEPAE do campus, por meio doEdital DG/FOZ/IFPR nº 47/2026.Os interessados devem ser estudantes do curso de Pedagogia com matrícula e frequência regular em Instituição de Ensino credenciada pelo Ministério da Educação e que preencham os requisitos constantes no edital.O estagiário receberá, durante o período de atuação, bolsa-auxílio no valorR$ 1.125,69(6 horas/dia) eauxílio transporte de R$ 10,00por dia de deslocamento, além de seguro contra acidentes pessoais.Para inscrever-se, o candidato deve preencher oRequerimento eletrônico de inscriçãoe anexar a documentação exigida no item 7 do edital.Em caso de dúvidas, oe-mailpara contato é:pss.foz@ifpr.edu.br.O horário do estágio será das07h20m às 13h20m, com jornada de 30 horas semanais.Dentre as atividades a serem realizadas, temos:1. Apoio Pedagógico aos Estudantes2. Apoio às Atividades da Equipe Pedagógica3. Apoio às Ações Inclusivas4. Apoio a Projetos e Atividades Educativas5. Observação e Formação6. Atividades Administrativas de ApoioObservação:Todas as atividades elencadas acima serão orientadas e supervisionadas por servidor responsável pelo setor específico.Do candidato à vaga, espera-se as seguintes aptidões:– Ser dinâmico, comunicativo, com capacidade para trabalhar em equipe, assim como ser capaz de compartilhar e buscar o conhecimento;– Ser discreto e guardar sigilo acerca de informações de cunho pessoal e/ou restrito;– Possuir conhecimentos básicos de informática para o desenvolvimento de atividades administrativas: manusear editores de texto, planilhas eletrônicas e o uso de ferramentas do Gmail. – Redigir textos com coerência e coesão, observando as regras gramaticais da Língua Portuguesa.– Possuir habilidade de atendimento ao público, com cortesia e eficiência;– Possuir conhecimentos específicos da área de conhecimento compatíveis com o período cursado.Mais informações e publicações desta seleção estão disponíveisaqui.Consulte o cadastro do IFPR no e-mecIFPR – Campus Foz do Iguaçu – Avenida Araucária, 780, Bairro Vila A – CEP: 85860-000 – Foz do Iguaçu – Paraná."
"2 março, 2026",IFPR divulga convocados para 2ª fase de prova de suficiência em inglês,https://ifpr.edu.br/foz-do-iguacu/ifpr-divulga-convocados-para-2a-fase-de-prova-de-suficiencia-em-ingles/,Notícias,"Saiba maisProcessos em andamento.Sistemas Acadêmicos, Administrativos e HelpdeskInformações sobre as bibliotecas do IFPRNotíciasPublicado em2 março, 2026O Instituto Federal do Paraná (IFPR) – Campus Foz do Iguaçu publicou, nesta segunda-feira (02/03), oEdital de convocação para a 2ª fase da Prova de Suficiência e Validação de Conhecimentos em Língua Inglesa.O documento traza lista de classificados, os horários das avaliações orais e escritas, e orientações para os estudantes participantes do ano letivo de 2026.No período da manhã, a partir das 8h, serão avaliados os alunos do 2º ano dos cursos técnicos. À tarde, as atividades começam às 14h, com maior número de participantes dos 1º, 2º e 3º anos dos cursos de Desenvolvimento de Sistemas, Meio Ambiente e Aquicultura.O edital também relaciona os alunos com conceito insuficiente (D) e os ausentes na primeira fase, que não prosseguem no processo. A direção do campus orienta os convocados a comparecerem com antecedência, respeitando os horários estabelecidos.Consulte o cadastro do IFPR no e-mecIFPR – Campus Foz do Iguaçu – Avenida Araucária, 780, Bairro Vila A – CEP: 85860-000 – Foz do Iguaçu – Paraná."
"2 março, 2026",NEABI divulga resultado da seleção para bolsistas com foco em culturas indígenas e afro-brasileiras,https://ifpr.edu.br/foz-do-iguacu/neabi-divulga-resultado-da-selecao-para-bolsistas-com-foco-em-culturas-indigenas-e-afro-brasileiras/,Neabi,"Saiba maisProcessos em andamento.Sistemas Acadêmicos, Administrativos e HelpdeskInformações sobre as bibliotecas do IFPRNeabiPublicado em2 março, 2026O Instituto Federal do Paraná (IFPR) – Campus Foz do Iguaçu, por meio do projeto“NEABI-Foz: Ancestralidade, Saberes e Diálogos para as Relações Étnico-Raciais”,divulgou o resultado daseleção de estudantes bolsistas que atuarão junto ao Núcleo de Estudos Afro-Brasileiros e Indígenas (NEABI). Os nomes dos selecionados e a classificação geral está disponível naAta da Banca Avaliadora.Ao todo, são oferecidas três vagas: duas para alunos dos cursos técnicos integrados ao Ensino Médio e uma para estudantes de Ensino Superior.Os selecionados apoiarão atividades relacionadas à educação étnico-racial, documentação de práticas culturais de comunidades tradicionais e produção de conteúdo audiovisual e comunicacional.Consulte o cadastro do IFPR no e-mecIFPR – Campus Foz do Iguaçu – Avenida Araucária, 780, Bairro Vila A – CEP: 85860-000 – Foz do Iguaçu – Paraná."
"2 março, 2026",IFPR Foz convoca candidatos para 4ª chamada de matrícula do curso de TADS,https://ifpr.edu.br/foz-do-iguacu/ifpr-foz-convoca-candidatos-para-4a-chamada-de-matricula-do-curso-de-tads/,Processo Seletivo,"Saiba maisProcessos em andamento.Sistemas Acadêmicos, Administrativos e HelpdeskInformações sobre as bibliotecas do IFPRProcesso SeletivoPublicado em2 março, 2026O Instituto Federal do Paraná (IFPR) – Campus Foz do Iguaçu publicou na sexta-feira (27/02) oEdital de Convocação para a 4ª chamada do Processo Seletivo 2026.que oferece vagas para o curso deTecnologia em Análise e Desenvolvimento de Sistemas (TADS).A lista com os nomes dos candidatos aptos a realizar matrícula está disponível no Anexo I do documento, que também estabelece prazos e orientações para a comprovação de cotas e entrega de documentos.As matrículas serão realizadas presencialmente entre os dias 2 e 4 de março, na Secretaria Acadêmica da instituição.Os convocados se enquadram em duas categorias:“matrícula imediata” e “expectativa de vaga”. Enquanto os primeiros têm vaga garantida mediante apresentação da documentação, os segundos deverão entregar os mesmos documentos e aguardar a existência de vagas remanescentes após a efetivação das matrículas imediatas. Candidatos inscritos nas cotas de Escola Pública (EP), Pessoa com Deficiência (PCD) e Baixa Renda (BR) precisam comprovar sua condição presencialmente no campus, conforme cronograma e horários especificados no edital.O prazo para entrega dos documentos de comprovação das cotas vai até 4 de março. O resultado provisório da análise documental será divulgado em 5 de março, com possibilidade de recurso nos dias 5 e 6 do mesmo mês. O resultado final está previsto para 6 de março, e a divulgação do resultado das matrículas ocorre em 9 de março. Toda a documentação exigida está listada no Anexo IV do edital, incluindo RG, CPF, certificado de conclusão do Ensino Médio e, para menores de 18 anos, declaração de vacinação e acompanhamento de responsável legal.A modalidade tecnólogo é um curso superior, reconhecido pelo MEC que habilita o profissional a atuar em diversos nichos de mercado. As disciplinas do curso de TADS fornecem o embasamento para que o aluno adquira conhecimento técnico e desenvolva autonomia para atuar nos diversos setores da área de tecnologia da informação.Ao se formar, o profissional estará apto a:Dúvidas podem ser esclarecidas pelos telefones (45) 3422-5310 e WhatsApp (45) 3422-5323. A instituição recomenda que os candidatos não deixem a entrega de documentos para o último dia, a fim de evitar contratempos. Os resultados e demais comunicados serão publicados na página oficial do IFPR Campus Foz do Iguaçu.Consulte o cadastro do IFPR no e-mecIFPR – Campus Foz do Iguaçu – Avenida Araucária, 780, Bairro Vila A – CEP: 85860-000 – Foz do Iguaçu – Paraná."
"2 março, 2026",Esgotadas as vagas para o curso Técnico em Gastronomia,https://ifpr.edu.br/foz-do-iguacu/esgotadas-as-vagas-para-o-curso-de-tecnico-em-gastronomia/,Vagas remanescentes,"Saiba maisProcessos em andamento.Sistemas Acadêmicos, Administrativos e HelpdeskInformações sobre as bibliotecas do IFPRVagas remanescentesPublicado em2 março, 2026A Secretaria Acadêmica do IFPR – Campus Foz do Iguaçu informa que não há mais disponibilidade de vagas para o curso de Técnico Subsequente em Gastronomia.As vagas foram ofertadas no PROCESSO SELETIVO POR DEMANDA ESPONTÂNEA PARA INGRESSO NO CURSO TÉCNICO SUBSEQUENTE AO ENSINO MÉDIO DO IFPR CAMPUS FOZ DO IGUAÇU. Conforme previsto noEdital Nº39, as vagas foram preenchidas de acordo com a ordem de chegada na Secretaria.Há vagas ainda para o curso de Engenharia de Aquicultura e de Licenciatura em Física. Para saber mais, acesse:https://ifpr.edu.br/foz-do-iguacu/ifpr-foz-abre-inscricoes-para-vagas-remanescentes-nos-cursos-gratuitos-de-fisica-e-engenharia-de-aquicultura-para-inicio-imediato-2/Consulte o cadastro do IFPR no e-mecIFPR – Campus Foz do Iguaçu – Avenida Araucária, 780, Bairro Vila A – CEP: 85860-000 – Foz do Iguaçu – Paraná."
"26 fevereiro, 2026",Jogos Internos do IFPR Foz 2026 serão nos dias 12 e 13 de março,https://ifpr.edu.br/foz-do-iguacu/jogos-internos-do-ifpr-foz-2026-serao-nos-dias-12-e-13-de-marco/,Esportes,"Saiba maisProcessos em andamento.Sistemas Acadêmicos, Administrativos e HelpdeskInformações sobre as bibliotecas do IFPREsportesPublicado em26 fevereiro, 2026O Instituto Federal do Paraná (IFPR) – Campus Foz do Iguaçu realizará,nos dias 12 e 13 de março de 2026,a edição anual dosJogos Internos do IFPR Foz – 2026. O evento esportivo reunirá estudantes em diversas modalidades, promovendo integração e competição saudável entre os alunos.De acordo com a organização, a programação terá início na quinta-feira (12) pela manhã, com recepção dos participantes e cerimonial de abertura. As competições se estendem ao longo dos dois dias, contemplando modalidades individuais e coletivas, tanto masculinas quanto femininas, além de atividades mistas.Programação completaQuinta-feira, 12 de março – Manhã (quadra externa, ginásio e campo de futebol)Quinta-feira, 12 de março – Tarde (ginásio de esportes)Sexta-feira, 13 de março – ManhãSexta-feira, 13 de março – Tarde (ginásio de esportes)Além das disputas esportivas, está prevista uma competição entre torcidas, que promete animar ainda mais o evento.As inscrições para as equipes e atletas estão abertas até o dia 10 de marçoe devem ser realizadas presencialmente na assistência de alunos do campus.Para conhecer oRegulamento Geralda competição e as regras específicas de cada modalidade, os interessados podem acessar o documento oficial por meio do link:https://docs.google.com/document/d/14G5cN2hW11q4ofbf62RVy2WrHVEG8h6U/editA comissão organizadora reforça o convite para que todos os alunos participem, seja como atletas ou torcedores, contribuindo para um ambiente de confraternização e espírito esportivo.Consulte o cadastro do IFPR no e-mecIFPR – Campus Foz do Iguaçu – Avenida Araucária, 780, Bairro Vila A – CEP: 85860-000 – Foz do Iguaçu – Paraná."
"25 fevereiro, 2026",IFPR Foz divulga 5ª Chamada do Processo Seletivo 2025/2026,https://ifpr.edu.br/foz-do-iguacu/ifpr-foz-divulga-5a-chamada-do-processo-seletivo-2025-2026/,Processo Seletivo 2026,"Saiba maisProcessos em andamento.Sistemas Acadêmicos, Administrativos e HelpdeskInformações sobre as bibliotecas do IFPRProcesso Seletivo 2026Publicado em25 fevereiro, 2026O Instituto Federal do Paraná (IFPR) – Campus Foz do Iguaçu divulgou, nesta terça-feira (24/02), os editais de abertura da5ª Chamada para matrículaem cursos Técnicos Integrados ao Ensino Médio. As convocações contemplam candidatos já inscritos no Processo Seletivo 2025/2026 tanto da ampla concorrência, quanto das ações afirmativas.As matrículas serão realizadas nos dias 25/02/2026, 26/02/2026 e 27/02/2026, das 10h às 18h,presencialmente,mediante apresentação da documentação solicitada e do preenchimento dorequerimento de matrículaEntre as oportunidades, estão os cursos técnicos em Aquicultura, Edificações, Meio Ambiente e Desenvolvimento de Sistemas (Integrado ao Ensino Médio).A lista completa dos candidatos convocados está disponível nos anexos de cada edital:EDITAL 38 –5ª CHAMADA – CURSOS TÉCNICOS INTEGRADOS AO ENSINO MÉDIOCandidatos selecionados por meio das cotas para Escola Pública (EP), Pessoa com Deficiência (PCD), Baixa Renda (BR) ou pelo programa Partiu IF (PIF) precisam apresentar a comprovação presencial dessa condição para efetivar a matrícula. Todos os documentos necessários para a comprovação de cotas e para a matrícula em si estão detalhados nos editais, e a ausência da documentação correta pode levar à desclassificação.O cronograma é comum a todos os processos.A comprovação das cotas deve ser feita presencialmente na Secretaria Acadêmica do campus, localizada na Avenida Araucária, 780, Vila A, entre os dias 25 e 27 de fevereiro.Dúvidas podem ser esclarecidas pelos telefones (45) 3422-5310 ou (45) 3422-5323 (WhatsApp).Consulte o cadastro do IFPR no e-mecIFPR – Campus Foz do Iguaçu – Avenida Araucária, 780, Bairro Vila A – CEP: 85860-000 – Foz do Iguaçu – Paraná."
"25 fevereiro, 2026","IFPR Foz abre inscrições para vagas remanescentes nos cursos gratuitos de Física, Engenharia de Aquicultura e Técnico em Gastronomia",https://ifpr.edu.br/foz-do-iguacu/ifpr-foz-abre-inscricoes-para-vagas-remanescentes-nos-cursos-gratuitos-de-fisica-e-engenharia-de-aquicultura-para-inicio-imediato-2/,Oportunidade,"Saiba maisProcessos em andamento.Sistemas Acadêmicos, Administrativos e HelpdeskInformações sobre as bibliotecas do IFPROportunidadePublicado em25 fevereiro, 2026O Instituto Federal do Paraná (IFPR) – Campus Foz do Iguaçu divulgou, nesta quarta-feira (24/02), por meio doEdital N°35/2026e doEdital Nº39/2026, a abertura de inscrições paravagas remanescentesem cursos  gratuitos, por meio de demanda espontânea. As oportunidades são para os cursos deLicenciatura em Física(20 vagas),Engenharia de Aquicultura(13 vagas) eCurso Técnico Subsequente em Gastronomia(10 vagas). Podem se inscrever tanto candidatos que participaram do Processo Seletivo IFPR 2026 quanto interessados que não realizaram a prova.As pessoas interessadas em ocupar as vagas deverão comparecer à Secretaria Acadêmica do Campus (Av. Araucária, 780, Vila Residencial A)no período de 25 de fevereiro de 2026 a 04 de março de 2026.As vagas serão preenchidas por ordem de chegada, sem necessidade de participação em processos seletivos anteriores.Para garantir a vaga, basta o interessado apresentar a documentação necessária. Não haverá prova nem sorteio.Implantado em 2014, tem por objetivo formar bons profissionais na área do ensino da Física. A estrutura curricular do curso prevê que o aluno tenha contato com disciplinas de Física, Matemática, Educação e outras. Os estudantes têm a oportunidade de aliar teoria e prática nos laboratórios utilizados ao longo de toda a graduação. A licenciatura conta, também, com oficinas de ensino-aprendizagem, nas quais os discentes são estimulados a produzir atividades didáticas e desenvolver metodologias, integrando conteúdos de Física e Educação. Há ofertas de bolsas de estudo, ensino e pesquisa para os graduandos ao longo do curso.Duração: 4,5 anos – Turno: noturno.O curso de Engenharia de Aquicultura do IFPR é ofertado em período integral e tem duração de cinco anos. Foi criado para atender a uma demanda regional e nacional por profissionais capacitados para atuar na área da Aquicultura – ciência que estuda e desenvolve técnicas de cultivo, manejo e reprodução de organismos aquáticos, como peixes (Piscicultura); camarões (Carcinicultura); rãs (Ranicultura); moluscos: ostras e mexilhões (Malacocultura); algas e até tartarugas e jacarés. Um dos objetivos da Aquicultura é garantir produtos para o consumo com maior controle, regularidade e sustentabilidade.Duração: 5 anos – Turno: noturno.O curso Técnico Subsequente de Gastronomia é destinado a pessoas que já terminaram o Ensino Médio e querem uma formação profissional rápida. O curso é à tarde e presencial. O profissional formado recebe a titulação de Técnico em Cozinha, cujas habilidades e perfil estarão voltados à produção e operação de cozinhas profissionais. Como possibilidade de atuação, o aluno poderá trabalhar em restaurantes, bares, panificadoras, hotéis e meios de hospedagem, refeitórios,catering, bufê, cruzeiros marítimos, embarcações, empresas de consultoria e lojas especializadas.No curso, são abordados temas como habilidades de cozinha profissional, habilidades de panificação e confeitaria, gestão gastronômica, segurança do alimento e alimentar, cozinhas clássicas, bebidas e eventos gastronômicos entre outros.Dúvidas podem ser esclarecidas pelo e-mailsecretaria.foz@ifpr.edu.brou no site oficial do IFPR – Foz do Iguaçu:www.foz.ifpr.edu.brOu pelos telefones (45) 3422-5310 ou (45) 3422-5323 (WhatsApp).Consulte o cadastro do IFPR no e-mecIFPR – Campus Foz do Iguaçu – Avenida Araucária, 780, Bairro Vila A – CEP: 85860-000 – Foz do Iguaçu – Paraná."
"24 fevereiro, 2026",IFPR Foz abre inscrições para aulas gratuitas de teatro,https://ifpr.edu.br/foz-do-iguacu/ifpr-foz-abre-inscricoes-para-aulas-gratuitas-de-teatro/,Arte e Cultura,"Saiba maisProcessos em andamento.Sistemas Acadêmicos, Administrativos e HelpdeskInformações sobre as bibliotecas do IFPRArte e CulturaPublicado em24 fevereiro, 2026OPrograma de Extensão “Arteando”, desenvolvido pelo Instituto Federal do Paraná (IFPR) – Campus Foz do Iguaçu, sob coordenação do professor Givaldo Moisés de Oliveira, está com inscrições abertas para interessados em compor oGrupo de Teatro do IFPR.Ao longo do ano, serão ministradas aulas gratuitas de teatro e, ao final, será encenada uma peça envolvendo os alunos. O projeto é aberto a estudantes, servidores e à comunidade em geral.As vagas são limitadas e oinício das aulas está previsto para ocorrer no dia 10/03.Para o público externo ao IFPR, o requisito é que os interessados tenham a partir de 18 anos.Os encontros serão realizados sempre às terças-feiras, das 19h às 21h, no Espaço das Artes, localizado no Campus do IFPR. (Av. Araucária, 780, Vila A).As inscrições vão até o preenchimento total das 18 vagas e podem ser realizadas por meio do preenchimento desteformulário eletrônico.Os inscritos comtemplados por ordem de inscrição serão notificados por e-mail.Consulte o cadastro do IFPR no e-mecIFPR – Campus Foz do Iguaçu – Avenida Araucária, 780, Bairro Vila A – CEP: 85860-000 – Foz do Iguaçu – Paraná."
"23 fevereiro, 2026",Homologadas as inscrições para a Prova de Suficiência em Inglês – 2026,https://ifpr.edu.br/foz-do-iguacu/homologadas-as-inscricoes-para-a-prova-de-suficiencia-em-ingles-2026/,Notícias,"Saiba maisProcessos em andamento.Sistemas Acadêmicos, Administrativos e HelpdeskInformações sobre as bibliotecas do IFPRNotíciasPublicado em23 fevereiro, 2026O IFPR – Campus Foz do Iguaçu divulgou a lista dos inscritos que irão realizar  aProva de Suficiência e Validação de Conhecimentos Anteriores em Língua Inglesa, destinada aos estudantes dos Cursos Técnicos Integrados ao Ensino Médio. Os nomes, respectivos cursos e horários podem ser acessados noEdital Nº33.A avaliação ocorrem em duas etapas:1ª fase (prova escrita), que será realizada no dia 24 de fevereiro, e2ª fase (prova oral e produção escrita), marcada para o dia 03 de março.O resultado final será até 06 de março de 2026.A prova é facultativa e possibilita a dispensa da disciplina de Língua Inglesa na série/ano em que o estudante estiver matriculado em 2026, mediante aprovação.Candidatos que possuírem certificados internacionais válidos (TOEIC, TOEFL, Michigan ou Duolingo English Test) realizados nos últimos 365 dias poderão apresentá-los no ato da inscrição para análise e possível dispensa da 1ª fase.Todas as informações, cronograma completo e link de inscrição estão disponíveis noEdital Nº 21.Consulte o cadastro do IFPR no e-mecIFPR – Campus Foz do Iguaçu – Avenida Araucária, 780, Bairro Vila A – CEP: 85860-000 – Foz do Iguaçu – Paraná."
"20 fevereiro, 2026",IFPR Foz oferta aulas gratuitas de Capoeira à comunidade,https://ifpr.edu.br/foz-do-iguacu/ifpr-foz-oferta-aulas-gratuitas-de-capoeira-a-comunidade-3/,esporte,"Saiba maisProcessos em andamento.Sistemas Acadêmicos, Administrativos e HelpdeskInformações sobre as bibliotecas do IFPResportePublicado em20 fevereiro, 2026O Projeto de Extensão “IFPR e Comunidade: Unidos através do Esporte” está com inscrições abertas para a“Oficina de Capoeira”.A atividade é gratuita e aberta à comunidade.As aulas serão no Ginásio do IFPR do IFPR – Campus Foz do Iguaçu,das 18h às 19h, sempre às segundas e quartas-feiras.Segundo o coordenador, prof. Fábio Castilha, a ideia é contemplar o processo de ensino e aprendizagem da arte da Capoeira, por meio de aulas práticas e de musicalidade.Ao longo do curso, os alunos participarão de apresentações, campeonatos, eventos, além de receberem certificação para horas complementares.Interessados podem se inscrever peloformulário eletrônico.Consulte o cadastro do IFPR no e-mecIFPR – Campus Foz do Iguaçu – Avenida Araucária, 780, Bairro Vila A – CEP: 85860-000 – Foz do Iguaçu – Paraná."
"19 fevereiro, 2026",IFPR Foz abre inscrições para Projetos Esportivos,https://ifpr.edu.br/foz-do-iguacu/ifpr-foz-abre-inscricoes-para-projetos-esportivos-2/,esporte,"Saiba maisProcessos em andamento.Sistemas Acadêmicos, Administrativos e HelpdeskInformações sobre as bibliotecas do IFPResportePublicado em19 fevereiro, 2026O IFPR – Campus Foz do Iguaçu está com inscrições abertas paraProjetos Esportivos 2026,voltados exclusivamente aos estudantes do Campus. Os treinamentos são ministrados pelos professores de Educação Física, Fábio Castilha e Patrícia Gaion, e têm por objetivo promover a socialização dos alunos por meio da prática desportiva.Os projetos terão início no dia 23 de fevereiro. As modalidades ofertadas são:Iniciação à Prática Esportiva; Futsal; Voleibol; e Basquetebol.Os interessados podem se inscrever por meio do preenchimento doformulário eletrônico disponível aqui.É possível se inscrever em mais de uma modalidade (sem conflito de horários). Participantes com mínimo de 75% de frequência recebem certificação para horas complementares ao final do ano.Aulas de manhã sempre às quintas-feiras (para alunos da tarde)Das 10h às 12hAulas de tarde sempre às segundas-feiras (para alunos da manhã)Das 16h às 18hAulas sempre às segundas-feiras e quartas-feirasDas 18h às 19h30Aulas à noite sempre às  segundas-feiras e quartas-feirasDas 19h30 às 21hAulas à noite sempre às  segundas-feiras e quartas-feirasDas 19h30 às 21hConsulte o cadastro do IFPR no e-mecIFPR – Campus Foz do Iguaçu – Avenida Araucária, 780, Bairro Vila A – CEP: 85860-000 – Foz do Iguaçu – Paraná."
"19 fevereiro, 2026",IFPR Foz abre inscrições para Prova de Suficiência em Língua Inglesa – 2026,https://ifpr.edu.br/foz-do-iguacu/ifpr-foz-abre-inscricoes-para-prova-de-suficiencia-em-lingua-inglesa-2026/,Notícias,"Saiba maisProcessos em andamento.Sistemas Acadêmicos, Administrativos e HelpdeskInformações sobre as bibliotecas do IFPRNotíciasPublicado em19 fevereiro, 2026Estão abertas as inscrições para aProva de Suficiência e Validação de Conhecimentos Anteriores em Língua Inglesa, destinada aos estudantes dos Cursos Técnicos Integrados ao Ensino Médio do IFPR Campus Foz do Iguaçu. As inscrições ocorrem entre os dias 19 e 20 de fevereiro de 2026 (via formulário eletrônico):https://forms.gle/ELoCbe3qH9WVE4aYAA avaliação ocorrem em duas etapas:1ª fase (prova escrita), que será realizada no dia 24 de fevereiro, e2ª fase (prova oral e produção escrita), marcada para o dia 03 de março.O resultado final será até 06 de março de 2026.A prova é facultativa e possibilita a dispensa da disciplina de Língua Inglesa na série/ano em que o estudante estiver matriculado em 2026, mediante aprovação.Candidatos que possuírem certificados internacionais válidos (TOEIC, TOEFL, Michigan ou Duolingo English Test) realizados nos últimos 365 dias poderão apresentá-los no ato da inscrição para análise e possível dispensa da 1ª fase.Todas as informações, cronograma completo e link de inscrição estão disponíveis noEdital Nº 21.Consulte o cadastro do IFPR no e-mecIFPR – Campus Foz do Iguaçu – Avenida Araucária, 780, Bairro Vila A – CEP: 85860-000 – Foz do Iguaçu – Paraná."
"13 fevereiro, 2026",IFPR lança edital de doação de celulares para estudantes,https://ifpr.edu.br/foz-do-iguacu/ifpr-lanca-edital-de-doacao-de-celulares-para-estudantes/,Notícias,"Saiba maisProcessos em andamento.Sistemas Acadêmicos, Administrativos e HelpdeskInformações sobre as bibliotecas do IFPRNotíciasPublicado em13 fevereiro, 2026O Instituto Federal do Paraná publicou, no último dia 10, o edital 11/2026, que trata da doação de celulares para estudantes do IFPR.A iniciativa é uma ação conjunta entre a gestão do Instituto, por meio da Diretoria de Assuntos Estudantis (DAES), e a Receita Federal.Trata-se de aparelhos de marcas diversas a serem entregues para estudantes de todos os campi do IFPR que não possuam aparelho ou cujo celular esteja defasado.Para se candidatar a receber os aparelhos, alunas e alunos da instituição precisam cumprir algumas etapas e preencherem alguns requisitos.Para realizar a inscrição, os estudantes precisam preencher oFORMULÁRIO DE INSCRIÇÃO.O objetivo da ação é proporcionar que os aparelhos celulares possam ser utilizados sobretudo para a realização das atividades acadêmicas de ensino, pesquisa e extensão, priorizando estudantes que possuam necessidades específicas, de modo a tornar o equipamento ferramenta fundamental para a diminuição das barreiras comunicacionais e pedagógicas.As inscrições para o Edital 11/2026 vão até o próximo dia 27 de fevereiro.Confira o Edital 11/2026CLICANDO AQUI!Consulte o cadastro do IFPR no e-mecIFPR – Campus Foz do Iguaçu – Avenida Araucária, 780, Bairro Vila A – CEP: 85860-000 – Foz do Iguaçu – Paraná."
"13 fevereiro, 2026",IFPR Foz divulga 4ª Chamada do Processo Seletivo 2025/2026,https://ifpr.edu.br/foz-do-iguacu/ifpr-foz-divulga-4a-chamada-do-processo-seletivo-2025-2026/,Processo Seletivo 2026,"Saiba maisProcessos em andamento.Sistemas Acadêmicos, Administrativos e HelpdeskInformações sobre as bibliotecas do IFPRProcesso Seletivo 2026Publicado em13 fevereiro, 2026O Instituto Federal do Paraná (IFPR) – Campus Foz do Iguaçu divulgou, nesta quinta-feira (12/02), os editais de abertura da4ª Chamada para matrículaem cursos Técnicos Integrados ao Ensino Médio, Técnico Subsequente e de Graduação. As convocações contemplam candidatos já inscritos no Processo Seletivo 2025/2026 tanto da ampla concorrência, quanto das ações afirmativas.As matrículas serão realizadas nos dias 13/02/2026, 19/02/2026 e 20/02/2026, das 10h às 18h,presencialmente,mediante apresentação da documentação solicitada e do preenchimento dorequerimento de matrículaEntre as oportunidades, estão os cursos técnicos em Aquicultura, Edificações, Meio Ambiente e Desenvolvimento de Sistemas (Integrado ao Ensino Médio); o curso técnico subsequente de Gastronomia; e os cursos superiores de Tecnologia em Análise e Desenvolvimento de Sistemas (noturno) e Tecnologia em Gastronomia (matutino).A lista completa dos candidatos convocados está disponível nos anexos de cada edital:EDITAL N°29 – CONVOCAÇÃO PARA MATRÍCULA – 4ª CHAMADA – CURSO TÉCNICO SUBSEQUENTEEDITAL N°26 – CONVOCAÇÃO PARA MATRÍCULA – 4ª CHAMADA – CURSOS DE GRADUAÇÃOERRATA DO EDITAL 30 –  VERSÃO COM RETIFICAÇÕES – EDITAL 31 – 4ª CHAMADA – CURSOS TÉCNICOS INTEGRADOS AO ENSINO MÉDIOCandidatos selecionados por meio das cotas para Escola Pública (EP), Pessoa com Deficiência (PCD), Baixa Renda (BR) ou pelo programa Partiu IF (PIF) precisam apresentar a comprovação presencial dessa condição para efetivar a matrícula. Todos os documentos necessários para a comprovação de cotas e para a matrícula em si estão detalhados nos editais, e a ausência da documentação correta pode levar à desclassificação.O cronograma é comum a todos os processos.A comprovação das cotas deve ser feita presencialmente na Secretaria Acadêmica do campus, localizada na Avenida Araucária, 780, Vila A, entre nos dias 13/02/2026, 19/02/2026 e 20/02/2026.O resultado provisório da análise sai no dia 23/02, com prazo para recursos em 24 e 25 de fevereiro. O resultado final está previsto para 26 de fevereiro.Dúvidas podem ser esclarecidas pelos telefones (45) 3422-5310 ou (45) 3422-5323 (WhatsApp).Consulte o cadastro do IFPR no e-mecIFPR – Campus Foz do Iguaçu – Avenida Araucária, 780, Bairro Vila A – CEP: 85860-000 – Foz do Iguaçu – Paraná."
"9 fevereiro, 2026",IFPR abre inscrições para o Programa de Assistência Complementar ao Estudante,https://ifpr.edu.br/foz-do-iguacu/ifpr-abre-inscricoes-para-o-programa-de-assistencia-complementar-ao-estudante/,ASSISTÊNCIA ESTUDANTIL,"Saiba maisProcessos em andamento.Sistemas Acadêmicos, Administrativos e HelpdeskInformações sobre as bibliotecas do IFPRASSISTÊNCIA ESTUDANTILPublicado em9 fevereiro, 2026O Instituto Federal do Paraná (IFPR) publicou oEdital nº 3/2026, que estabelece as normas para os benefícios a estudantes por meioPrograma de Assistência Complementar ao Estudante (PACE). A inciativa tem o objetivo de apoiar a permanência das(os) discentes, auxiliando no pagamento de despesas com alimentação, moradia, transporte e material didático.O PACE ofertará até 18.800 auxílios, totalizando um investimento superior a R$ 6 milhões. Os valores mensais são definidos de acordo com o Índice de Vulnerabilidade Socioeconômica (IVS) apurado na análise documental.Estudantes veteranos que receberam o auxílio PACE em 2025 precisam realizar a inscrição novamente esse ano. Mas, conforme previsto no Artigo 4.2.2 do Edital 03/2026, estudantes com IVS válido estão dispensados de apresentar documentos.Estudantes regularmente matriculadas(os), na modalidade presencial, em curso:Atenção!Estudantes sem acesso à internet podem utilizar os laboratórios de informática de seu campus para realizar a inscrição.As pessoas interessadas devem realizar a leitura completa do Edital 3/2026, disponível na página daAssistência Estudantil.A Seção Pedagógica e de Assuntos Estudantis (SEPAE) de cada campus deve ser consultada em caso de dúvidas.Consulte o cadastro do IFPR no e-mecIFPR – Campus Foz do Iguaçu – Avenida Araucária, 780, Bairro Vila A – CEP: 85860-000 – Foz do Iguaçu – Paraná."
"9 fevereiro, 2026",IFPR Foz abre seleção para bolsistas do NEABI com foco em culturas indígenas e afro-brasileiras,https://ifpr.edu.br/foz-do-iguacu/ifpr-foz-abre-selecao-para-bolsistas-do-neabi-com-foco-em-culturas-indigenas-e-afro-brasileiras/,Neabi,"Saiba maisProcessos em andamento.Sistemas Acadêmicos, Administrativos e HelpdeskInformações sobre as bibliotecas do IFPRNeabiPublicado em9 fevereiro, 2026O Instituto Federal do Paraná (IFPR) – Campus Foz do Iguaçu, por meio do projeto“NEABI-Foz: Ancestralidade, Saberes e Diálogos para as Relações Étnico-Raciais”,publicou edital paraseleção de estudantes bolsistas que atuarão junto ao Núcleo de Estudos Afro-Brasileiros e Indígenas (NEABI). As inscrições estão abertas de9 a 26 de fevereiro de 2026.Serão oferecidas três vagas: duas para alunos dos cursos técnicos integrados ao Ensino Médio e uma para estudantes de Ensino Superior. Os selecionados apoiarão atividades relacionadas à educação étnico-racial, documentação de práticas culturais de comunidades tradicionais e produção de conteúdo audiovisual e comunicacional.As informações estão disponíveis noEdital de Seleção Interna.Os interessados devem enviar umaCarta de Intenções(em PDF, com 15 a 30 linhas) ou umVídeo de Intenções(em MP4, de 1 a 4 minutos) parao e-mail do coordenadorLeonir Colombo: leonir.colombo@ifpr.edu.br.O material deve conter apresentação pessoal, conhecimentos sobre o NEABI, experiências com relações étnico-raciais, familiaridade com povos originários ou quilombolas da região Oeste do Paraná e justificativa do interesse no projeto.Para as vagas do Ensino Médio, a Carta ou Vídeo de Intenções vale até 60 pontos, com bônus para membros do NEABI (até 30 pontos) e participantes do projeto “Moqueca Literária” (até 10 pontos). Para o Ensino Superior, a Carta ou Vídeo vale até 50 pontos, com os mesmos bônus, além de 10 pontos extras para quem estiver cursando licenciatura. Em caso de empate, prevalece o melhor histórico escolar.A lista de aprovados será publicada no site do IFPR Campus Foz do Iguaçu no dia 27 de fevereiro de 2026.Consulte o cadastro do IFPR no e-mecIFPR – Campus Foz do Iguaçu – Avenida Araucária, 780, Bairro Vila A – CEP: 85860-000 – Foz do Iguaçu – Paraná."
"6 fevereiro, 2026",IFPR Foz divulga 3ª Chamada do Processo Seletivo 2025/2026,https://ifpr.edu.br/foz-do-iguacu/ifpr-foz-divulga-3a-chamada-do-processo-seletivo-2025-2026/,Processo Seletivo,"Saiba maisProcessos em andamento.Sistemas Acadêmicos, Administrativos e HelpdeskInformações sobre as bibliotecas do IFPRProcesso SeletivoPublicado em6 fevereiro, 2026O Instituto Federal do Paraná (IFPR) – Campus Foz do Iguaçu divulgou, nesta sexta-feira (06/02), os editais de abertura da 3ª Chamada para matrícula em cursos Técnicos Integrados ao Ensino Médio, Técnico Subsequente e de Graduação. As convocações contemplam candidatos já inscritos no Processo Seletivo 2025/2026 tanto da ampla concorrência, quanto das ações afirmativas.As matrículas serão realizadas de 06 a 11/02 presencialmente,mediante apresentação da documentação solicitada e do preenchimento dorequerimento de matrículaEntre as oportunidades, estão os cursos técnicos em Aquicultura, Edificações, Meio Ambiente e Desenvolvimento de Sistemas (Integrado ao Ensino Médio); o curso técnico subsequente de Gastronomia; e os cursos superiores de Tecnologia em Análise e Desenvolvimento de Sistemas (noturno) e Tecnologia em Gastronomia (matutino).A lista completa dos candidatos convocados está disponível nos anexos de cada edital:EDITAL N°16 – CONVOCAÇÃO PARA MATRÍCULA – 3ª CHAMADA – CURSO TÉCNICO SUBSEQUENTEEDITAL N°17 – CONVOCAÇÃO PARA MATRÍCULA – 3ª CHAMADA – CURSOS TÉCNICOS INTEGRADOS AO ENSINO MÉDIOEDITAL N°18 – CONVOCAÇÃO PARA MATRÍCULA – 3ª CHAMADA – CURSOS DE GRADUAÇÃOCandidatos selecionados por meio das cotas para Escola Pública (EP), Pessoa com Deficiência (PCD), Baixa Renda (BR) ou pelo programa Partiu IF (PIF) precisam apresentar a comprovação presencial dessa condição para efetivar a matrícula. Todos os documentos necessários para a comprovação de cotas e para a matrícula em si estão detalhados nos editais, e a ausência da documentação correta pode levar à desclassificação.O cronograma é comum a todos os processos.A comprovação das cotas deve ser feita presencialmente na Secretaria Acadêmica do campus, localizada na Avenida Araucária, 780, Vila A, entre os dias 06 e 11 de fevereiro.O resultado provisório da análise sai no dia 12, com prazo para recursos em 12 e 13 de fevereiro. O resultado final está previsto para 19 de fevereiro.Dúvidas podem ser esclarecidas pelos telefones (45) 3422-5310 ou (45) 3422-5323 (WhatsApp).Consulte o cadastro do IFPR no e-mecIFPR – Campus Foz do Iguaçu – Avenida Araucária, 780, Bairro Vila A – CEP: 85860-000 – Foz do Iguaçu – Paraná."
