temperatura,chuva,feriado,fim_semana,turistas,periodo,ponto_visitado
37,0,0,0,813,tarde,Parque_Aves
13,0,0,0,15254,tarde,Parque_Aves
27,1,0,0,3705,tarde,Itaipu
16,0,0,0,11625,manha,Parque_Aves
23,1,1,1,8857,tarde,Itaipu
16,0,1,0,5066,manha,Parque_Aves
32,1,1,1,15090,noite,Itaipu
34,0,1,1,6835,noite,Cataratas
22,0,0,0,19378,manha,Parque_Aves
30,1,0,1,15202,tarde,Cataratas
28,0,1,1,3700,manha,Parque_Aves
31,1,1,0,2233,tarde,Itaipu
19,1,1,1,12299,manha,Itaipu
30,1,1,0,12058,manha,Itaipu
30,1,0,0,12657,tarde,Itaipu
25,1,1,1,5714,manha,Itaipu
16,1,1,1,8847,noite,Itaipu
34,0,0,1,6362,noite,Cataratas
16,0,0,0,875,tarde,Parque_Aves
17,0,0,1,13375,noite,Marco
11,1,1,0,15194,manha,Itaipu
32,1,1,0,15375,manha,Itaipu
25,0,0,1,13907,manha,Parque_Aves
20,0,0,1,9347,tarde,Parque_Aves
24,0,0,0,2026,noite,Marco
13,1,1,1,19849,noite,Itaipu
14,1,0,0,13745,noite,Itaipu
14,1,0,1,15472,tarde,Itaipu
31,0,1,0,5610,tarde,Parque_Aves
26,0,0,1,9045,tarde,Parque_Aves
33,1,1,1,2181,manha,Itaipu
21,1,0,1,3964,manha,Cataratas
13,0,1,1,7177,manha,Parque_Aves
33,0,1,0,17659,manha,Parque_Aves
24,1,1,1,4952,noite,Itaipu
37,1,1,0,19326,manha,Itaipu
16,1,1,0,10395,noite,Itaipu
24,1,1,0,13793,manha,Itaipu
30,1,1,0,17215,noite,Itaipu
21,0,0,0,17318,tarde,Parque_Aves
13,0,1,1,13064,noite,Marco
26,0,1,0,6532,manha,Parque_Aves
19,1,0,1,15818,noite,Itaipu
30,0,1,1,19445,noite,Cataratas
22,0,1,1,12814,tarde,Parque_Aves
29,1,0,1,11066,tarde,Itaipu
35,0,0,0,16743,noite,Marco
25,1,1,0,16298,noite,Itaipu
21,1,0,1,12593,manha,Itaipu
35,1,1,0,13884,tarde,Itaipu
27,0,0,0,621,noite,Marco
21,0,1,0,1428,manha,Parque_Aves
19,0,0,0,19945,noite,Marco
16,1,1,0,7884,manha,Cataratas
11,1,0,1,1145,tarde,Itaipu
10,0,1,1,8776,tarde,Parque_Aves
19,1,0,0,13726,noite,Itaipu
34,0,1,0,1071,manha,Parque_Aves
12,0,1,0,18970,manha,Parque_Aves
37,1,0,1,5649,manha,Itaipu
32,1,0,0,16673,tarde,Itaipu
26,0,0,0,7517,tarde,Parque_Aves
24,0,0,0,13442,tarde,Parque_Aves
10,0,1,1,12987,manha,Parque_Aves
23,0,0,1,15152,noite,Marco
36,1,1,0,3773,manha,Cataratas
13,0,0,0,18591,manha,Parque_Aves
18,0,1,1,8701,noite,Marco
12,0,1,0,18454,noite,Marco
32,0,0,0,7021,tarde,Parque_Aves
35,1,1,1,14663,tarde,Itaipu
28,0,1,0,9154,noite,Marco
30,1,0,1,14058,manha,Itaipu
30,1,1,1,11819,tarde,Cataratas
28,0,0,0,1458,noite,Marco
29,1,0,0,11579,manha,Itaipu
34,0,1,0,7874,manha,Parque_Aves
32,0,0,1,16968,noite,Cataratas
33,1,0,0,14042,noite,Itaipu
26,0,0,0,6014,manha,Parque_Aves
15,1,0,0,1208,tarde,Itaipu
17,0,1,0,5544,manha,Parque_Aves
15,0,0,1,16005,noite,Marco
20,0,1,1,18971,noite,Marco
24,0,1,0,4064,tarde,Parque_Aves
10,0,0,1,4214,noite,Marco
16,0,0,0,1760,tarde,Parque_Aves
32,1,0,1,19955,manha,Cataratas
22,0,1,0,17871,noite,Marco
17,0,1,0,540,manha,Parque_Aves
36,1,0,1,5857,tarde,Itaipu
18,0,1,0,5968,tarde,Parque_Aves
24,1,1,0,14678,tarde,Itaipu
38,0,0,1,13412,manha,Cataratas
26,1,0,1,3919,tarde,Itaipu
17,1,0,1,13586,tarde,Itaipu
35,1,0,1,11155,tarde,Itaipu
20,1,1,1,10299,noite,Itaipu
13,1,0,1,9608,manha,Itaipu
35,0,0,0,4693,manha,Parque_Aves
14,1,0,1,6209,noite,Itaipu
34,1,1,0,7712,manha,Itaipu
24,1,1,0,18599,tarde,Cataratas
15,1,0,1,19582,noite,Itaipu
38,1,0,1,3764,manha,Itaipu
10,1,1,1,1539,manha,Itaipu
31,1,0,1,14437,noite,Itaipu
13,0,1,0,11713,tarde,Parque_Aves
28,0,1,1,1694,manha,Parque_Aves
17,0,0,1,1634,manha,Parque_Aves
24,1,0,0,14783,tarde,Itaipu
24,1,1,0,19526,manha,Cataratas
24,0,0,0,15175,manha,Parque_Aves
34,0,0,1,3740,manha,Cataratas
10,0,0,1,15289,manha,Parque_Aves
31,1,0,0,2470,noite,Itaipu
17,1,1,0,19876,tarde,Itaipu
23,1,0,1,599,manha,Itaipu
29,1,0,0,12764,tarde,Itaipu
21,0,1,1,8090,manha,Parque_Aves
29,1,1,1,13080,tarde,Itaipu
12,0,0,0,9628,tarde,Parque_Aves
24,1,0,0,12261,manha,Itaipu
10,0,1,1,10169,noite,Marco
14,1,1,0,15760,manha,Itaipu
31,0,0,0,13205,noite,Marco
24,1,1,1,5890,tarde,Cataratas
29,1,1,0,6235,manha,Itaipu
14,1,0,1,17407,manha,Itaipu
28,0,1,1,17826,manha,Parque_Aves
15,1,1,1,12669,tarde,Itaipu
20,0,1,0,13757,tarde,Parque_Aves
37,1,0,1,16225,noite,Itaipu
11,1,1,0,2613,noite,Itaipu
12,0,1,0,12788,noite,Marco
17,0,0,0,16817,tarde,Parque_Aves
36,1,1,0,3104,tarde,Cataratas
35,0,1,1,12331,tarde,Cataratas
21,1,0,0,18568,tarde,Itaipu
14,0,0,1,755,noite,Marco
20,1,0,0,2335,manha,Itaipu
11,0,1,0,4525,noite,Marco
30,0,1,0,14750,noite,Marco
20,0,0,1,4326,tarde,Parque_Aves
23,0,0,0,6661,tarde,Parque_Aves
12,0,0,0,19277,tarde,Parque_Aves
29,0,0,1,10720,manha,Cataratas
34,0,1,1,16772,noite,Cataratas
14,1,0,0,5590,tarde,Cataratas
30,1,0,1,5389,noite,Itaipu
18,1,0,0,15886,noite,Itaipu
28,1,0,0,17364,manha,Cataratas
36,0,1,1,7453,tarde,Cataratas
23,0,1,0,16680,manha,Parque_Aves
36,0,0,0,7934,tarde,Parque_Aves
12,1,0,0,4532,tarde,Itaipu
16,0,0,0,3176,noite,Marco
30,1,0,0,10462,manha,Cataratas
21,0,0,1,9080,manha,Parque_Aves
33,1,1,0,14675,manha,Itaipu
11,0,0,0,11971,noite,Marco
22,0,0,0,2586,tarde,Parque_Aves
29,1,1,0,4108,noite,Itaipu
13,1,1,0,3960,manha,Itaipu
27,1,1,0,12806,manha,Itaipu
12,1,0,1,13192,noite,Itaipu
33,0,0,1,3501,noite,Cataratas
34,1,0,1,19175,manha,Cataratas
18,1,0,1,4039,manha,Itaipu
37,1,1,1,12815,noite,Itaipu
32,0,1,0,3214,noite,Marco
12,1,0,0,12688,manha,Itaipu
35,0,0,0,9011,noite,Marco
12,0,1,0,19283,noite,Marco
31,1,0,1,10281,manha,Itaipu
28,0,0,1,16742,manha,Parque_Aves
33,0,1,0,15386,manha,Parque_Aves
21,0,1,1,13780,manha,Parque_Aves
17,1,1,0,8931,manha,Itaipu
11,0,1,1,1991,tarde,Parque_Aves
34,0,0,1,2038,noite,Cataratas
13,1,1,1,6442,tarde,Itaipu
24,0,0,0,2562,tarde,Parque_Aves
26,0,0,0,2862,noite,Marco
24,1,0,0,6933,noite,Itaipu
11,1,0,0,12224,manha,Cataratas
36,0,0,0,10799,noite,Marco
29,1,0,0,1968,tarde,Itaipu
31,0,1,0,19753,noite,Marco
31,1,1,0,15626,manha,Itaipu
33,0,1,0,6126,manha,Parque_Aves
14,0,1,0,13257,tarde,Parque_Aves
30,0,1,1,18566,noite,Cataratas
17,0,0,1,8728,tarde,Parque_Aves
10,0,1,1,11713,manha,Parque_Aves
22,0,1,0,7437,noite,Marco
34,1,1,0,4573,tarde,Itaipu
20,1,0,0,13354,tarde,Itaipu
29,0,0,0,18518,manha,Parque_Aves
25,1,1,1,3419,tarde,Itaipu
12,1,0,1,9187,manha,Itaipu
27,0,0,0,5279,manha,Parque_Aves
28,0,0,1,2354,noite,Marco
14,1,1,0,533,noite,Itaipu
30,1,0,0,7089,tarde,Itaipu
32,0,0,0,14156,tarde,Parque_Aves
25,1,1,0,8769,noite,Itaipu
20,1,1,0,12561,noite,Itaipu
24,1,0,0,17681,manha,Itaipu
31,1,0,0,14347,manha,Itaipu
17,0,1,0,13323,manha,Parque_Aves
27,1,1,0,14732,tarde,Itaipu
27,0,1,0,16420,tarde,Parque_Aves
30,0,1,0,17459,manha,Parque_Aves
27,0,1,0,12104,noite,Marco
27,1,0,0,1370,noite,Itaipu
21,0,0,0,7256,tarde,Parque_Aves
30,1,0,0,2920,tarde,Itaipu
18,1,0,0,6365,tarde,Itaipu
26,1,0,0,14172,noite,Itaipu
24,1,0,1,1715,noite,Cataratas
19,1,1,0,15236,tarde,Cataratas
26,1,1,0,5690,manha,Itaipu
18,1,0,1,14660,manha,Itaipu
29,1,0,0,19546,tarde,Cataratas
28,0,1,1,16344,manha,Parque_Aves
33,1,0,0,2399,tarde,Itaipu
34,0,0,1,12786,noite,Cataratas
33,0,0,0,4774,tarde,Parque_Aves
15,0,0,1,12208,noite,Marco
29,1,0,0,6890,noite,Itaipu
33,1,1,1,19489,noite,Cataratas
17,1,0,0,8711,tarde,Itaipu
15,0,1,0,11897,noite,Marco
38,1,1,0,10202,tarde,Cataratas
15,1,1,0,15759,noite,Itaipu
36,0,1,1,4191,noite,Cataratas
17,0,0,1,17055,noite,Marco
11,1,1,1,5031,manha,Cataratas
28,1,0,0,2047,noite,Itaipu
31,1,1,1,7463,tarde,Itaipu
16,1,1,0,2818,noite,Itaipu
15,1,0,1,12543,manha,Itaipu
21,0,0,1,11592,tarde,Parque_Aves
14,0,0,0,2046,tarde,Parque_Aves
25,0,1,1,15115,manha,Parque_Aves
24,1,1,1,1164,tarde,Cataratas
22,1,0,1,5538,noite,Itaipu
31,0,0,0,10428,manha,Parque_Aves
33,0,1,1,13781,tarde,Cataratas
26,1,1,0,8811,tarde,Itaipu
20,1,1,0,11752,noite,Itaipu
24,0,1,1,17895,tarde,Parque_Aves
12,1,1,0,9018,noite,Itaipu
35,0,1,0,6889,tarde,Parque_Aves
32,1,1,1,14945,noite,Itaipu
37,1,0,1,9383,noite,Itaipu
27,1,1,1,17575,noite,Itaipu
33,0,1,1,6251,manha,Cataratas
23,0,1,0,16186,manha,Parque_Aves
10,1,0,0,1254,tarde,Itaipu
20,0,1,1,15828,manha,Parque_Aves
37,1,0,0,1158,manha,Cataratas
24,0,0,0,18174,noite,Marco
14,0,1,1,11399,noite,Marco
20,0,1,1,13337,tarde,Parque_Aves
34,1,0,0,14570,noite,Itaipu
20,0,0,0,6071,noite,Marco
16,0,0,1,8319,tarde,Parque_Aves
12,0,1,1,17588,tarde,Parque_Aves
21,1,0,1,5687,noite,Itaipu
37,1,1,1,677,tarde,Itaipu
11,1,0,0,4722,noite,Itaipu
34,1,1,0,8471,tarde,Itaipu
10,0,1,1,4184,tarde,Parque_Aves
35,1,0,0,13302,manha,Itaipu
14,0,1,1,10860,tarde,Parque_Aves
33,1,0,1,19907,manha,Cataratas
11,1,1,1,2602,tarde,Itaipu
31,1,0,0,6029,noite,Itaipu
35,0,1,0,836,manha,Parque_Aves
25,1,0,1,7930,noite,Itaipu
15,1,0,1,4186,manha,Cataratas
22,0,0,0,10889,manha,Parque_Aves
16,0,0,0,14314,tarde,Parque_Aves
10,0,0,1,1861,noite,Marco
14,0,0,1,9715,tarde,Parque_Aves
19,0,1,0,15454,manha,Parque_Aves
18,1,0,1,5152,noite,Itaipu
33,0,0,0,5854,noite,Marco
36,1,1,1,14772,noite,Itaipu
33,0,0,0,5006,manha,Parque_Aves
37,0,0,1,5329,manha,Cataratas
28,1,0,1,6639,noite,Itaipu
13,0,1,0,14894,manha,Parque_Aves
26,1,1,1,2815,noite,Itaipu
31,0,1,0,694,tarde,Parque_Aves
29,1,1,0,914,tarde,Itaipu
18,1,1,0,10764,noite,Itaipu
21,0,0,1,10940,manha,Parque_Aves
20,0,0,0,18032,noite,Marco
26,1,1,0,2824,manha,Itaipu
21,0,1,1,5517,manha,Parque_Aves
38,1,0,0,6825,tarde,Cataratas
25,1,0,1,5399,noite,Itaipu
28,0,1,0,831,noite,Marco
34,1,0,0,16147,tarde,Itaipu
18,1,0,0,13634,tarde,Cataratas
15,1,0,1,12907,manha,Itaipu
34,1,1,1,1033,tarde,Itaipu
22,1,1,0,13599,noite,Itaipu
34,0,1,0,10662,manha,Parque_Aves
27,0,1,0,16020,manha,Parque_Aves
19,0,0,1,12552,manha,Parque_Aves
38,1,0,1,3043,tarde,Itaipu
18,0,1,1,11260,manha,Parque_Aves
36,1,0,0,19503,manha,Itaipu
18,1,1,0,3553,manha,Itaipu
37,0,0,1,7276,noite,Cataratas
12,1,1,1,15907,manha,Itaipu
34,0,0,0,9407,manha,Parque_Aves
14,0,1,1,8223,noite,Marco
19,0,0,1,8594,noite,Marco
28,0,0,0,5214,manha,Parque_Aves
28,1,1,0,2735,manha,Itaipu
16,0,0,1,10680,manha,Parque_Aves
21,0,1,0,18934,noite,Marco
12,0,0,0,1808,noite,Marco
17,0,0,0,12763,tarde,Parque_Aves
15,0,1,0,2566,manha,Parque_Aves
15,1,1,0,4798,tarde,Itaipu
17,0,1,1,14709,noite,Marco
30,1,0,0,15402,manha,Cataratas
37,1,0,1,2420,tarde,Itaipu
35,0,0,1,14182,manha,Cataratas
28,0,1,1,19339,noite,Marco
15,0,1,1,17437,noite,Marco
24,0,0,0,12896,tarde,Parque_Aves
13,0,1,1,13106,manha,Parque_Aves
10,1,1,0,3757,manha,Itaipu
23,0,0,1,16690,noite,Marco
27,1,0,0,13568,tarde,Itaipu
21,0,0,1,3121,tarde,Parque_Aves
32,0,0,1,18049,tarde,Cataratas
24,1,1,0,5130,noite,Itaipu
24,0,0,0,3708,tarde,Parque_Aves
26,0,1,0,17526,noite,Marco
35,1,0,0,16995,manha,Cataratas
23,1,0,1,10133,noite,Itaipu
22,0,1,0,5029,manha,Parque_Aves
20,1,0,1,11190,noite,Cataratas
22,1,0,1,10444,manha,Itaipu
17,1,1,1,2852,manha,Itaipu
25,0,0,0,13271,noite,Marco
32,0,0,0,7605,noite,Marco
10,1,0,0,12299,tarde,Cataratas
14,1,0,0,5263,manha,Itaipu
19,1,1,1,7945,manha,Itaipu
17,0,1,1,18101,tarde,Parque_Aves
27,1,0,1,13736,tarde,Itaipu
34,1,1,1,8562,tarde,Itaipu
24,0,0,0,7933,noite,Marco
16,1,1,1,9000,manha,Itaipu
27,0,1,1,1366,tarde,Parque_Aves
32,0,1,0,3300,tarde,Parque_Aves
21,1,1,0,7177,manha,Itaipu
20,1,1,0,6776,noite,Itaipu
29,1,1,0,18329,manha,Itaipu
31,0,0,0,18764,tarde,Parque_Aves
24,0,1,0,4645,noite,Marco
30,1,1,1,925,tarde,Itaipu
13,1,1,1,1793,tarde,Itaipu
37,0,0,0,6672,noite,Marco
29,1,0,0,4603,tarde,Itaipu
27,1,1,0,18944,noite,Itaipu
37,1,0,0,15979,manha,Itaipu
16,1,1,0,3300,manha,Itaipu
30,0,0,1,1705,manha,Cataratas
19,0,0,0,7767,tarde,Parque_Aves
37,0,1,0,19279,manha,Parque_Aves
11,0,0,0,4526,tarde,Parque_Aves
36,0,1,1,11332,tarde,Cataratas
34,1,0,1,8827,noite,Itaipu
14,0,1,1,12293,noite,Marco
26,0,1,1,5729,manha,Parque_Aves
13,0,0,1,17039,manha,Parque_Aves
24,1,1,0,18155,manha,Itaipu
29,0,0,1,5363,manha,Cataratas
23,1,0,1,15376,noite,Itaipu
35,0,0,1,15459,noite,Cataratas
32,0,1,0,5155,manha,Parque_Aves
12,1,0,1,18474,tarde,Itaipu
16,1,0,0,7973,noite,Cataratas
27,1,1,0,930,noite,Itaipu
14,0,0,0,11871,tarde,Parque_Aves
28,1,1,1,2331,noite,Itaipu
18,1,0,1,1262,tarde,Itaipu
35,0,0,1,7517,noite,Cataratas
34,1,0,1,7120,manha,Itaipu
34,0,1,0,1845,noite,Marco
23,0,0,0,11350,manha,Parque_Aves
34,1,0,0,6578,manha,Itaipu
29,0,1,1,18270,manha,Cataratas
29,1,1,1,17586,noite,Itaipu
29,1,0,1,1914,manha,Cataratas
27,0,0,1,14431,noite,Marco
17,1,1,1,10174,noite,Itaipu
32,1,0,1,13925,manha,Itaipu
14,0,1,1,10300,tarde,Parque_Aves
36,0,0,1,5286,manha,Cataratas
35,0,0,1,19274,manha,Cataratas
11,0,1,0,18239,manha,Parque_Aves
36,1,0,0,5931,manha,Itaipu
10,0,1,0,12382,tarde,Parque_Aves
12,0,0,0,11341,tarde,Parque_Aves
34,0,0,1,16877,manha,Cataratas
14,0,1,0,16689,tarde,Parque_Aves
37,0,0,0,14577,tarde,Parque_Aves
38,1,1,0,10868,noite,Cataratas
14,1,1,0,15798,tarde,Itaipu
27,1,0,0,11705,manha,Itaipu
22,1,0,0,7731,tarde,Itaipu
17,0,0,0,9781,manha,Parque_Aves
15,1,0,1,15777,tarde,Itaipu
15,1,0,0,5086,manha,Itaipu
13,1,0,0,9575,manha,Itaipu
19,1,0,0,10263,tarde,Itaipu
21,1,0,1,15616,noite,Itaipu
28,1,0,1,5169,manha,Itaipu
17,0,1,1,17938,tarde,Parque_Aves
18,1,0,1,12474,tarde,Itaipu
12,0,1,1,18698,manha,Parque_Aves
30,0,1,1,19582,noite,Cataratas
20,0,0,0,1049,tarde,Parque_Aves
30,1,1,1,11316,noite,Cataratas
29,1,0,0,2646,manha,Itaipu
11,0,1,1,8229,tarde,Parque_Aves
19,0,0,1,17766,manha,Parque_Aves
29,1,1,0,8044,tarde,Itaipu
28,0,1,1,14347,noite,Marco
30,1,1,1,15578,tarde,Itaipu
25,1,0,1,640,manha,Itaipu
16,0,1,1,16027,manha,Parque_Aves
13,0,0,1,17639,tarde,Parque_Aves
30,0,1,1,5710,manha,Cataratas
18,1,1,0,7425,tarde,Itaipu
12,1,0,1,15313,manha,Cataratas
21,0,0,1,5627,manha,Parque_Aves
37,0,1,0,7193,manha,Parque_Aves
15,1,0,0,2875,noite,Itaipu
10,0,0,1,7144,manha,Parque_Aves
21,1,0,1,10740,manha,Itaipu
35,1,1,0,16725,noite,Itaipu
27,1,1,1,11166,noite,Itaipu
15,0,1,0,2039,noite,Marco
19,0,0,1,4410,tarde,Parque_Aves
30,0,0,0,5706,noite,Marco
17,1,0,0,10080,tarde,Itaipu
37,0,1,1,14846,noite,Cataratas
38,0,1,1,12995,tarde,Cataratas
13,0,0,1,9269,noite,Marco
18,0,0,0,3408,tarde,Parque_Aves
31,1,1,1,18430,tarde,Itaipu
38,0,0,1,17800,tarde,Cataratas
31,1,0,0,7711,tarde,Itaipu
25,1,1,1,13494,manha,Itaipu
17,0,0,0,16752,manha,Parque_Aves
15,0,0,1,871,tarde,Parque_Aves
27,1,0,1,8776,manha,Itaipu
27,1,0,1,2845,noite,Itaipu
30,0,1,1,2429,manha,Cataratas
34,1,0,0,16838,noite,Itaipu
13,1,0,1,11912,noite,Cataratas
26,1,1,0,7637,tarde,Cataratas
11,0,0,1,14117,tarde,Parque_Aves
27,1,0,1,14161,tarde,Cataratas
38,0,1,1,15235,tarde,Cataratas
28,0,1,1,4811,tarde,Parque_Aves
30,1,1,0,6448,noite,Itaipu
30,1,0,0,4089,tarde,Itaipu
18,1,1,0,1497,noite,Cataratas
31,0,1,0,15599,tarde,Parque_Aves
21,0,1,1,18061,tarde,Parque_Aves
37,0,1,0,16118,manha,Parque_Aves
35,1,1,0,19087,noite,Itaipu
16,0,1,1,19268,noite,Marco
24,0,1,0,16810,manha,Parque_Aves
34,0,0,0,11063,tarde,Parque_Aves
30,0,0,0,16334,tarde,Parque_Aves
34,1,1,1,17574,noite,Cataratas
18,1,0,0,10821,noite,Itaipu
29,1,1,1,11976,noite,Itaipu
26,1,1,1,12134,tarde,Itaipu
36,1,1,0,4353,noite,Itaipu
34,0,1,1,3118,manha,Cataratas
18,0,1,0,9420,noite,Marco
35,0,0,1,18258,tarde,Cataratas
17,1,1,0,8330,noite,Itaipu
36,1,0,0,14220,noite,Itaipu
14,0,1,0,889,noite,Marco
24,0,0,0,3719,noite,Marco
13,0,1,1,9437,manha,Parque_Aves
24,0,1,0,19232,noite,Marco
38,0,0,0,10458,noite,Marco
26,1,1,1,3205,tarde,Itaipu
11,0,1,0,11014,manha,Parque_Aves
27,1,1,1,18953,manha,Itaipu
14,1,0,0,8812,manha,Itaipu
25,0,0,1,11193,noite,Marco
13,0,1,1,15581,tarde,Parque_Aves
14,0,1,1,18425,noite,Marco
23,0,0,1,16325,tarde,Parque_Aves
22,0,1,0,14258,noite,Marco
22,1,1,1,1265,manha,Cataratas
29,0,0,1,9889,noite,Cataratas
32,1,0,1,2700,noite,Itaipu
37,1,0,0,12832,noite,Itaipu
27,1,1,1,1628,noite,Itaipu
36,0,1,0,10088,tarde,Parque_Aves
37,1,0,0,3725,tarde,Itaipu
10,1,0,0,11164,noite,Itaipu
31,0,1,0,17878,noite,Marco
34,1,1,0,19250,noite,Itaipu
22,1,0,1,9186,manha,Itaipu
23,0,1,0,6741,noite,Marco
37,0,0,0,11832,noite,Marco
31,0,0,1,8495,noite,Cataratas
32,1,0,1,6688,tarde,Itaipu
30,0,0,1,6363,manha,Cataratas
32,0,0,1,13527,noite,Cataratas
10,0,1,0,3032,noite,Marco
13,1,1,0,7680,manha,Itaipu
25,1,1,1,6353,noite,Itaipu
24,0,1,1,9482,noite,Marco
34,0,0,1,18549,tarde,Cataratas
19,1,1,1,15604,tarde,Itaipu
32,0,0,0,9894,noite,Marco
36,0,0,0,12044,manha,Parque_Aves
37,1,0,1,5954,noite,Itaipu
34,1,1,1,10118,noite,Itaipu
17,1,0,1,19241,tarde,Itaipu
10,0,1,0,1253,noite,Marco
17,0,1,1,4763,tarde,Parque_Aves
22,0,1,1,1849,manha,Parque_Aves
22,0,1,1,14411,tarde,Parque_Aves
25,0,1,0,15874,tarde,Parque_Aves
18,1,0,0,17526,tarde,Itaipu
30,1,1,0,8978,tarde,Itaipu
12,1,0,0,13825,tarde,Itaipu
28,0,0,0,610,manha,Parque_Aves
25,1,1,0,3627,noite,Cataratas
36,1,0,1,7499,noite,Cataratas
29,0,1,0,1777,tarde,Parque_Aves
14,1,1,1,4602,tarde,Itaipu
20,0,0,0,11000,manha,Parque_Aves
11,0,0,1,1787,noite,Marco
31,1,0,1,15358,manha,Itaipu
21,1,0,1,12493,tarde,Itaipu
26,0,0,0,18969,tarde,Parque_Aves
33,0,1,0,6482,tarde,Parque_Aves
14,0,1,0,10480,noite,Marco
34,1,1,1,5690,manha,Cataratas
25,1,1,0,19924,noite,Itaipu
13,1,1,0,14672,manha,Itaipu
13,0,0,0,10828,manha,Parque_Aves
13,1,0,1,5548,noite,Itaipu
31,0,1,0,11134,noite,Marco
13,0,0,1,1697,manha,Parque_Aves
12,1,0,0,6591,manha,Itaipu
36,1,0,0,14067,manha,Itaipu
14,0,0,0,4860,noite,Marco
13,1,1,0,12563,noite,Itaipu
24,1,0,0,965,manha,Itaipu
10,0,0,1,652,manha,Parque_Aves
17,1,0,0,2265,manha,Itaipu
35,1,1,1,9125,tarde,Itaipu
27,0,1,1,4009,manha,Parque_Aves
19,0,1,1,15711,noite,Marco
33,1,1,0,4840,manha,Itaipu
26,0,1,1,7001,tarde,Parque_Aves
15,1,0,1,5005,tarde,Itaipu
37,0,0,1,3115,manha,Cataratas
23,1,1,0,16526,tarde,Itaipu
27,1,1,1,13149,tarde,Itaipu
30,1,1,1,3474,noite,Itaipu
18,1,1,0,4412,tarde,Itaipu
37,0,0,0,13323,noite,Marco
21,0,0,1,17209,manha,Parque_Aves
33,1,0,1,11836,manha,Itaipu
23,0,1,0,1456,tarde,Parque_Aves
18,0,0,0,18164,tarde,Parque_Aves
26,0,1,1,16227,tarde,Parque_Aves
36,1,1,0,4122,noite,Cataratas
37,1,0,0,17652,noite,Itaipu
33,1,0,1,14752,tarde,Cataratas
10,1,1,0,3101,tarde,Itaipu
34,0,1,1,828,tarde,Cataratas
19,0,0,0,17274,tarde,Parque_Aves
32,0,1,1,6021,tarde,Cataratas
28,1,0,0,14928,tarde,Itaipu
33,0,0,0,2670,noite,Marco
23,1,1,1,12670,tarde,Itaipu
13,1,0,1,4557,manha,Itaipu
16,1,0,0,2913,tarde,Itaipu
24,0,0,0,3113,noite,Marco
18,0,1,0,13495,noite,Marco
14,0,1,0,4116,noite,Marco
22,1,1,1,1393,tarde,Cataratas
35,1,1,0,17685,noite,Itaipu
33,0,1,0,2596,tarde,Parque_Aves
35,1,0,1,12501,manha,Cataratas
30,0,1,0,18891,tarde,Parque_Aves
26,1,0,1,16992,noite,Itaipu
20,0,0,0,12156,tarde,Parque_Aves
35,0,0,0,8526,manha,Parque_Aves
33,0,0,0,2417,manha,Parque_Aves
21,1,1,0,3018,tarde,Itaipu
30,1,1,0,18998,tarde,Itaipu
32,0,1,1,15603,manha,Cataratas
21,0,1,0,1618,noite,Marco
22,0,1,0,5772,noite,Marco
38,1,0,1,13090,manha,Itaipu
14,1,0,1,12258,manha,Itaipu
14,0,1,0,12420,noite,Marco
12,1,0,1,7087,manha,Itaipu
12,1,1,1,4752,tarde,Itaipu
12,1,1,0,4335,manha,Cataratas
14,1,1,1,13264,manha,Itaipu
34,1,0,0,18131,noite,Cataratas
35,1,0,0,4187,manha,Itaipu
38,1,1,0,9996,noite,Itaipu
25,1,0,1,5113,manha,Itaipu
28,0,0,1,9417,noite,Marco
11,0,0,1,19762,manha,Parque_Aves
34,1,0,0,13665,noite,Cataratas
34,1,0,0,5163,noite,Cataratas
28,0,0,1,16753,manha,Parque_Aves
18,0,0,1,9787,manha,Parque_Aves
21,1,1,1,15428,tarde,Itaipu
30,1,0,0,14313,manha,Itaipu
31,1,1,1,10677,noite,Itaipu
26,0,0,1,9340,tarde,Parque_Aves
19,0,0,0,13940,manha,Parque_Aves
30,1,1,0,12215,manha,Cataratas
25,0,0,0,11429,tarde,Parque_Aves
29,0,1,0,11566,manha,Parque_Aves
14,0,1,0,13602,manha,Parque_Aves
18,0,0,0,9821,tarde,Parque_Aves
10,0,0,0,2373,tarde,Parque_Aves
35,1,1,0,1866,tarde,Itaipu
13,1,0,0,9005,manha,Itaipu
16,0,0,1,9695,manha,Parque_Aves
35,1,0,0,15812,noite,Itaipu
17,0,0,0,2925,tarde,Parque_Aves
34,1,1,0,5956,noite,Itaipu
32,0,1,1,4181,noite,Cataratas
19,0,0,1,16207,tarde,Parque_Aves
12,1,0,1,1060,manha,Itaipu
19,0,0,1,18085,noite,Marco
25,1,0,1,3857,noite,Cataratas
27,1,0,0,13167,tarde,Itaipu
13,1,0,1,8946,noite,Itaipu
10,1,0,1,13296,noite,Itaipu
10,0,1,1,15886,noite,Marco
29,1,0,1,17641,manha,Cataratas
21,1,0,0,6924,manha,Itaipu
31,1,0,0,912,manha,Cataratas
19,1,1,0,17827,manha,Cataratas
10,0,0,0,12714,noite,Marco
29,1,0,1,3680,noite,Itaipu
23,0,1,1,5588,tarde,Parque_Aves
36,1,1,0,7003,manha,Itaipu
17,0,1,1,19481,noite,Marco
21,0,1,1,15911,tarde,Parque_Aves
37,1,1,0,13226,manha,Cataratas
12,0,1,1,18175,noite,Marco
31,1,1,0,11026,noite,Cataratas
17,1,1,0,2550,manha,Itaipu
16,0,1,0,5311,noite,Marco
23,0,0,1,9648,manha,Parque_Aves
35,1,1,0,8444,manha,Itaipu
28,1,1,1,9632,manha,Itaipu
10,1,1,0,13100,manha,Itaipu
36,0,0,1,1491,noite,Cataratas
12,1,0,0,18999,manha,Itaipu
35,1,0,0,9342,tarde,Itaipu
16,0,0,0,11293,tarde,Parque_Aves
13,1,0,1,13459,noite,Itaipu
38,0,1,0,3007,tarde,Parque_Aves
17,0,1,1,1018,tarde,Parque_Aves
29,1,0,0,18321,manha,Itaipu
17,1,0,1,14390,noite,Itaipu
20,1,0,0,15250,noite,Itaipu
16,1,1,1,12303,tarde,Itaipu
38,1,0,1,9072,manha,Itaipu
28,0,0,1,8213,tarde,Parque_Aves
32,0,0,0,6325,manha,Parque_Aves
32,1,0,1,18727,tarde,Itaipu
33,0,0,0,11223,noite,Marco
13,0,0,0,9170,tarde,Parque_Aves
24,0,1,0,14714,manha,Parque_Aves
12,1,0,0,1492,tarde,Itaipu
19,1,0,0,18501,noite,Itaipu
32,1,1,1,3643,manha,Itaipu
31,1,1,1,15632,manha,Itaipu
14,1,1,0,8518,tarde,Itaipu
14,0,0,1,2823,manha,Parque_Aves
20,1,1,0,18905,tarde,Cataratas
33,1,0,0,5287,manha,Itaipu
15,0,1,1,9087,manha,Parque_Aves
36,0,0,1,16948,tarde,Cataratas
31,0,0,1,12835,tarde,Cataratas
26,1,0,0,9636,tarde,Itaipu
33,1,1,0,4818,noite,Cataratas
22,1,1,1,16772,tarde,Itaipu
34,0,0,0,19191,tarde,Parque_Aves
20,1,0,1,13359,manha,Itaipu
22,1,1,0,7818,manha,Itaipu
28,1,1,0,7362,manha,Itaipu
13,1,0,0,16905,noite,Itaipu
17,1,0,1,11343,noite,Itaipu
29,1,0,1,7856,noite,Itaipu
22,0,1,1,10790,tarde,Parque_Aves
21,0,0,1,2978,tarde,Parque_Aves
25,0,0,1,7679,tarde,Parque_Aves
13,1,0,0,17996,noite,Itaipu
31,1,0,0,3994,tarde,Itaipu
26,0,0,1,9011,tarde,Parque_Aves
14,1,1,1,12892,manha,Itaipu
23,0,1,1,9684,manha,Parque_Aves
24,1,1,1,612,manha,Itaipu
15,0,1,0,17864,manha,Parque_Aves
29,0,1,0,18319,noite,Marco
28,0,0,1,512,manha,Parque_Aves
24,1,1,1,18145,noite,Cataratas
10,0,0,1,16465,tarde,Parque_Aves
20,1,0,1,16958,tarde,Itaipu
22,0,0,0,11979,tarde,Parque_Aves
29,0,0,0,6628,tarde,Parque_Aves
13,0,1,0,11794,tarde,Parque_Aves
20,0,0,0,19632,manha,Parque_Aves
21,0,1,1,10024,noite,Marco
36,0,0,0,17634,manha,Parque_Aves
27,0,1,1,14306,tarde,Parque_Aves
29,0,1,1,8407,noite,Cataratas
35,1,0,0,5489,noite,Itaipu
10,1,1,0,13449,manha,Itaipu
24,0,1,1,9631,noite,Marco
29,1,1,0,19660,tarde,Itaipu
38,1,0,0,1381,tarde,Itaipu
24,1,0,0,15049,manha,Itaipu
27,0,0,1,5107,noite,Marco
18,1,1,1,12825,tarde,Itaipu
34,0,0,0,1902,tarde,Parque_Aves
14,0,0,0,5290,manha,Parque_Aves
31,0,1,0,8160,tarde,Parque_Aves
30,1,0,0,9596,noite,Itaipu
15,1,1,1,17805,tarde,Cataratas
38,0,0,0,12814,manha,Parque_Aves
37,0,1,0,16995,manha,Parque_Aves
21,1,0,0,12012,tarde,Itaipu
35,0,0,1,1039,manha,Cataratas
31,1,0,1,8730,manha,Itaipu
33,1,1,1,17780,manha,Itaipu
11,0,1,1,11436,manha,Parque_Aves
28,1,0,1,6754,noite,Itaipu
34,1,0,0,4993,noite,Itaipu
20,0,0,0,14280,tarde,Parque_Aves
18,1,0,1,15927,manha,Itaipu
16,0,1,1,8330,manha,Parque_Aves
34,0,1,1,8159,manha,Cataratas
15,0,1,0,14435,manha,Parque_Aves
34,0,0,1,6389,tarde,Cataratas
19,1,0,1,11390,manha,Itaipu
36,0,0,0,3780,manha,Parque_Aves
20,0,1,0,17202,tarde,Parque_Aves
33,1,0,0,7053,tarde,Cataratas
23,1,0,1,16322,noite,Itaipu
12,0,1,0,6303,manha,Parque_Aves
19,0,1,0,5996,tarde,Parque_Aves
16,0,0,0,12938,manha,Parque_Aves
31,0,1,0,14345,tarde,Parque_Aves
35,1,1,0,6303,tarde,Itaipu
37,0,1,1,10378,noite,Cataratas
16,1,1,1,13915,manha,Cataratas
32,1,1,0,10472,manha,Itaipu
22,1,0,1,3490,manha,Cataratas
30,0,1,1,18454,manha,Cataratas
32,0,0,0,8668,tarde,Parque_Aves
12,0,0,0,8993,manha,Parque_Aves
20,1,0,1,13760,tarde,Itaipu
14,1,1,1,3240,noite,Cataratas
20,0,1,0,16752,manha,Parque_Aves
27,1,0,0,7676,noite,Itaipu
11,0,1,0,855,tarde,Parque_Aves
20,1,0,0,10345,manha,Itaipu
30,0,0,1,12591,tarde,Cataratas
31,0,0,1,18218,tarde,Cataratas
25,1,1,0,16093,noite,Itaipu
31,0,0,1,1118,tarde,Cataratas
17,1,0,1,16508,tarde,Itaipu
35,1,1,1,16363,tarde,Itaipu
13,0,1,1,14665,manha,Parque_Aves
19,0,0,1,1655,tarde,Parque_Aves
15,0,0,1,13141,noite,Marco
10,1,0,0,18796,tarde,Itaipu
13,1,1,1,11346,tarde,Itaipu
22,1,0,0,13552,tarde,Cataratas
23,0,0,0,3380,tarde,Parque_Aves
35,0,0,1,7876,manha,Cataratas
25,1,0,1,10219,tarde,Cataratas
37,0,1,0,5259,noite,Marco
26,1,1,0,2300,noite,Itaipu
12,0,0,1,13953,tarde,Parque_Aves
30,1,0,1,18397,noite,Itaipu
16,1,0,0,10060,manha,Itaipu
28,0,1,1,7201,tarde,Parque_Aves
15,0,0,0,13852,noite,Marco
33,1,0,1,9219,manha,Cataratas
16,1,0,1,13055,manha,Itaipu
24,1,0,0,13239,noite,Cataratas
14,0,0,1,9305,tarde,Parque_Aves
29,1,0,1,16318,tarde,Itaipu
21,0,0,1,9781,noite,Marco
32,1,1,0,8868,manha,Itaipu
34,1,0,1,13122,manha,Itaipu
12,1,0,0,5524,noite,Itaipu
12,1,0,0,2119,manha,Itaipu
17,0,0,1,16046,manha,Parque_Aves
18,1,1,1,18994,tarde,Itaipu
24,1,0,0,7442,manha,Cataratas
33,0,1,0,11347,noite,Marco
28,1,0,0,9556,tarde,Itaipu
28,0,1,1,12465,noite,Marco
19,0,0,1,12684,tarde,Parque_Aves
30,1,1,1,4282,noite,Itaipu
24,1,1,1,12032,manha,Itaipu
34,0,0,1,3057,tarde,Cataratas
12,0,1,0,16754,manha,Parque_Aves
30,0,0,0,4219,noite,Marco
27,0,0,1,11344,tarde,Parque_Aves
24,1,1,1,12939,tarde,Itaipu
29,1,0,0,8598,manha,Itaipu
18,0,1,0,13499,noite,Marco
31,0,0,1,11901,manha,Cataratas
29,0,1,0,17947,noite,Marco
14,1,0,0,4039,manha,Itaipu
33,0,0,0,2972,tarde,Parque_Aves
14,1,0,1,3266,manha,Itaipu
29,0,1,0,19802,manha,Parque_Aves
23,1,0,0,18452,tarde,Itaipu
23,1,1,0,10532,noite,Cataratas
30,1,0,0,19487,tarde,Itaipu
37,1,1,1,19857,manha,Itaipu
13,1,0,0,3880,manha,Itaipu
13,0,0,1,4674,tarde,Parque_Aves
11,0,0,0,12919,manha,Parque_Aves
20,0,0,1,11572,noite,Marco
30,0,0,0,3585,noite,Marco
38,0,0,0,6500,noite,Marco
30,0,0,0,4235,noite,Marco
24,1,1,0,7739,noite,Itaipu
13,0,0,1,7023,tarde,Parque_Aves
23,1,1,1,19450,manha,Itaipu
24,1,0,0,13180,tarde,Itaipu
20,1,1,0,8419,manha,Itaipu
35,0,0,0,14596,tarde,Parque_Aves
31,1,1,1,7338,tarde,Itaipu
22,1,0,1,10132,noite,Itaipu
23,0,1,0,5589,manha,Parque_Aves
30,0,1,0,11823,tarde,Parque_Aves
21,1,0,1,12253,noite,Itaipu
35,1,0,1,1582,manha,Itaipu
23,0,1,0,18242,manha,Parque_Aves
38,1,1,1,509,manha,Itaipu
17,1,1,1,4765,tarde,Itaipu
10,0,1,1,19928,manha,Parque_Aves
17,0,1,0,8957,tarde,Parque_Aves
37,1,0,1,19171,manha,Itaipu
26,1,1,1,17070,noite,Itaipu
20,0,1,0,15680,tarde,Parque_Aves
33,0,1,0,16731,manha,Parque_Aves
21,1,0,1,1025,tarde,Itaipu
14,1,0,1,8156,noite,Itaipu
31,0,1,1,6216,noite,Cataratas
34,0,0,0,7124,manha,Parque_Aves
33,0,1,1,11041,manha,Cataratas
37,1,1,0,10351,tarde,Itaipu
29,1,1,0,18714,noite,Itaipu
20,0,1,0,6306,manha,Parque_Aves
27,1,1,1,4867,noite,Itaipu
37,0,1,0,19863,tarde,Parque_Aves
18,1,1,0,13421,noite,Itaipu
16,0,0,1,17277,manha,Parque_Aves
20,0,0,0,12217,tarde,Parque_Aves
21,0,1,1,19414,noite,Marco
24,0,0,1,2448,noite,Marco
10,1,1,0,5601,manha,Itaipu
16,1,0,1,9456,tarde,Itaipu
31,0,0,0,8720,tarde,Parque_Aves
27,0,0,0,19700,noite,Marco
17,1,0,1,4526,tarde,Itaipu
22,0,0,1,6314,noite,Marco
16,1,1,0,16848,noite,Itaipu
36,0,0,0,879,tarde,Parque_Aves
22,1,0,0,13114,manha,Itaipu
19,0,1,1,19060,noite,Marco
16,1,1,1,13096,tarde,Cataratas
14,0,0,1,18731,manha,Parque_Aves
33,1,1,1,9897,noite,Itaipu
23,1,1,0,9800,manha,Itaipu
26,0,0,0,7209,noite,Marco
16,1,0,1,16042,tarde,Cataratas
22,0,0,1,16050,tarde,Parque_Aves
24,1,0,1,6536,manha,Cataratas
17,1,1,0,8386,noite,Itaipu
11,0,1,0,14605,tarde,Parque_Aves
25,1,0,1,12548,tarde,Itaipu
15,0,0,0,7861,tarde,Parque_Aves
29,1,1,0,13126,noite,Itaipu
29,1,1,1,13546,noite,Itaipu
37,1,1,0,12634,manha,Itaipu
14,1,1,0,16995,manha,Itaipu
24,0,1,1,18315,manha,Parque_Aves
19,0,0,1,19021,tarde,Parque_Aves
29,1,1,0,15193,noite,Itaipu
25,1,1,1,3553,manha,Itaipu
22,1,1,0,17349,tarde,Itaipu
11,1,0,0,6712,noite,Itaipu
18,1,0,0,12823,manha,Itaipu
10,0,1,1,16923,manha,Parque_Aves
25,1,1,1,1851,tarde,Cataratas
28,0,1,1,8554,manha,Parque_Aves
34,1,0,1,9541,noite,Itaipu
26,0,1,1,6182,tarde,Parque_Aves
12,0,1,1,10977,manha,Parque_Aves
21,0,1,1,6644,noite,Marco
18,1,0,0,10028,tarde,Itaipu
16,0,0,1,4281,tarde,Parque_Aves
35,0,0,1,651,manha,Cataratas
20,1,1,1,8816,tarde,Itaipu
13,0,1,1,4058,noite,Marco
30,1,1,1,3135,tarde,Itaipu
31,1,1,1,3440,manha,Itaipu
15,0,0,0,12398,manha,Parque_Aves
31,0,0,1,10690,noite,Cataratas
18,1,0,1,12718,tarde,Cataratas
24,1,1,0,15094,tarde,Itaipu
38,1,1,0,16086,manha,Itaipu
19,0,1,1,14666,manha,Parque_Aves
16,1,0,0,16309,noite,Itaipu
31,0,1,0,16092,manha,Parque_Aves
24,1,1,1,7351,manha,Itaipu
16,1,0,1,10438,noite,Itaipu
10,0,1,0,1403,manha,Parque_Aves
29,1,0,1,18326,tarde,Itaipu
30,1,0,1,16243,noite,Itaipu
12,0,1,0,12973,manha,Parque_Aves
15,1,0,1,18705,manha,Itaipu
31,0,0,1,2073,tarde,Cataratas
17,1,0,1,3780,manha,Itaipu
25,0,0,1,5008,noite,Marco
23,1,0,0,4695,tarde,Itaipu
36,1,1,0,14537,tarde,Itaipu
31,0,1,1,7587,noite,Cataratas
32,0,1,0,2458,manha,Parque_Aves
35,1,0,1,14722,noite,Itaipu
27,1,1,0,5615,manha,Cataratas
33,0,0,1,7216,noite,Cataratas
36,0,1,0,7307,manha,Parque_Aves
26,0,1,0,10715,noite,Marco
36,1,1,1,4784,noite,Cataratas
29,1,1,0,2238,tarde,Itaipu
11,1,1,1,13396,manha,Itaipu
30,1,0,1,13011,manha,Cataratas
23,1,1,0,19527,tarde,Itaipu
22,0,1,0,4654,manha,Parque_Aves
37,0,1,0,12755,noite,Marco
21,1,1,0,9036,manha,Itaipu
14,0,1,0,8385,manha,Parque_Aves
22,1,0,1,6830,manha,Cataratas
13,1,1,0,15302,manha,Itaipu
38,0,1,0,17033,noite,Marco
11,0,0,0,11818,manha,Parque_Aves
31,0,0,0,6401,noite,Marco
31,0,0,1,2803,noite,Cataratas
35,0,0,0,5586,manha,Parque_Aves
17,1,0,1,18386,manha,Itaipu
25,0,1,0,10080,noite,Marco
20,0,0,1,17708,noite,Marco
17,1,1,1,815,tarde,Itaipu
17,1,1,0,4508,manha,Itaipu
33,1,1,0,1123,noite,Itaipu
31,0,0,1,14213,noite,Cataratas
27,1,1,1,7082,tarde,Itaipu
12,1,0,0,11829,noite,Cataratas
29,0,1,0,7265,noite,Marco
37,0,0,0,5438,noite,Marco
23,1,1,0,15155,manha,Itaipu
33,0,1,0,19329,manha,Parque_Aves
25,0,1,1,9178,manha,Parque_Aves
14,1,1,0,10158,noite,Cataratas
17,0,0,1,782,noite,Marco
24,1,0,1,10162,manha,Itaipu
30,1,0,1,15678,tarde,Itaipu
19,1,1,0,8635,manha,Itaipu
12,1,1,0,1827,manha,Itaipu
18,1,0,1,2117,tarde,Itaipu
13,0,1,0,15001,noite,Marco
25,1,1,1,4327,tarde,Cataratas
30,1,0,0,6516,tarde,Itaipu
24,0,1,1,9560,tarde,Parque_Aves
29,1,0,1,8231,manha,Itaipu
14,1,0,0,5768,manha,Itaipu
10,0,1,0,1487,noite,Marco
15,1,1,0,18734,tarde,Itaipu
37,1,1,0,6937,noite,Itaipu
14,1,0,0,19671,tarde,Itaipu
20,0,1,1,13651,manha,Parque_Aves
28,1,1,1,8417,tarde,Itaipu
36,1,1,0,11027,tarde,Cataratas
18,0,1,1,9594,tarde,Parque_Aves
11,1,1,1,7863,tarde,Itaipu
14,1,1,0,18668,noite,Itaipu
10,0,1,1,16239,noite,Marco
16,0,0,0,4313,noite,Marco
29,0,1,0,13236,manha,Parque_Aves
13,0,1,0,9912,tarde,Parque_Aves
10,1,1,1,13340,tarde,Cataratas
35,1,1,0,2797,noite,Itaipu
32,0,0,1,5311,noite,Cataratas
35,1,0,0,17606,tarde,Itaipu
19,0,1,0,9765,noite,Marco
15,1,0,1,11607,manha,Cataratas
34,0,0,1,15980,noite,Cataratas
23,1,1,0,16110,manha,Itaipu
32,1,1,1,13361,noite,Itaipu
31,1,0,0,4728,noite,Itaipu
31,0,0,1,11795,tarde,Cataratas
12,0,0,1,16764,tarde,Parque_Aves
37,0,0,1,7363,manha,Cataratas
15,0,0,0,17713,manha,Parque_Aves
26,0,1,0,14485,manha,Parque_Aves
36,0,0,1,4471,manha,Cataratas
29,1,1,1,6234,tarde,Cataratas
16,0,1,0,4783,manha,Parque_Aves
10,1,1,0,10187,manha,Itaipu
14,0,1,0,19052,manha,Parque_Aves
34,1,1,0,12039,noite,Itaipu
19,0,0,1,15682,manha,Parque_Aves
23,1,1,1,10846,manha,Itaipu
12,1,0,1,19511,manha,Itaipu
21,0,0,0,9184,noite,Marco
20,0,1,1,10690,manha,Parque_Aves
36,0,0,0,4322,tarde,Parque_Aves
17,0,0,1,924,noite,Marco
23,0,0,0,3553,manha,Parque_Aves
11,1,1,1,3788,noite,Itaipu
27,0,1,1,16206,noite,Marco
15,0,0,1,10769,tarde,Parque_Aves
26,0,1,1,19266,manha,Parque_Aves
31,0,0,1,14804,tarde,Cataratas
32,0,1,0,15645,tarde,Parque_Aves
38,0,1,1,14955,manha,Cataratas
12,0,1,0,16280,tarde,Parque_Aves
16,0,0,1,9374,manha,Parque_Aves
20,0,0,0,13330,noite,Marco
33,0,0,0,12584,manha,Parque_Aves
11,0,0,0,19391,manha,Parque_Aves
30,0,0,0,15467,tarde,Parque_Aves
14,1,1,1,3022,manha,Cataratas
37,0,1,0,5643,tarde,Parque_Aves
36,1,1,0,1364,manha,Cataratas
26,0,0,0,5010,manha,Parque_Aves
29,1,0,1,18851,tarde,Itaipu
33,1,1,1,9606,noite,Cataratas
24,0,0,1,14175,manha,Parque_Aves
25,0,1,1,5518,manha,Parque_Aves
13,0,0,1,17827,noite,Marco
34,1,1,0,9991,manha,Itaipu
11,0,0,0,13325,manha,Parque_Aves
34,1,0,0,4567,noite,Itaipu
17,1,1,0,5732,noite,Itaipu
31,0,0,0,18809,noite,Marco
37,1,0,0,2401,tarde,Itaipu
36,0,0,1,6362,noite,Cataratas
38,1,0,1,14533,tarde,Itaipu
32,1,0,1,11380,noite,Itaipu
28,0,0,0,1271,tarde,Parque_Aves
25,1,1,1,889,manha,Itaipu
10,1,0,1,3138,noite,Itaipu
12,1,0,1,19990,tarde,Itaipu
26,0,1,0,4908,manha,Parque_Aves
34,1,0,0,9795,tarde,Cataratas
17,0,0,1,18863,manha,Parque_Aves
20,0,0,0,5419,noite,Marco
23,1,1,1,17507,manha,Itaipu
16,0,1,0,2207,tarde,Parque_Aves
24,0,1,1,7183,tarde,Parque_Aves
28,1,0,1,1207,tarde,Itaipu
37,1,0,0,12955,tarde,Itaipu
17,0,0,1,8590,noite,Marco
33,0,0,0,14517,tarde,Parque_Aves
38,0,1,0,8989,tarde,Parque_Aves
21,1,0,1,8747,tarde,Cataratas
21,0,1,0,18558,manha,Parque_Aves
29,1,1,1,3964,manha,Itaipu
12,0,0,0,8485,noite,Marco
19,1,1,1,1275,manha,Itaipu
35,1,0,1,6798,manha,Itaipu
28,0,0,0,19441,manha,Parque_Aves
12,0,0,0,15196,noite,Marco
24,1,1,0,15887,noite,Itaipu
12,0,1,1,11850,tarde,Parque_Aves
25,0,0,1,9242,tarde,Parque_Aves
10,0,1,1,6196,manha,Parque_Aves
20,1,1,0,1919,tarde,Itaipu
37,1,0,0,12369,tarde,Itaipu
13,0,0,0,5821,noite,Marco
22,0,0,1,9092,noite,Marco
12,0,0,0,1677,noite,Marco
10,0,1,0,6452,noite,Marco
13,1,1,0,10479,manha,Itaipu
24,1,1,0,10670,manha,Cataratas
18,0,0,0,6703,tarde,Parque_Aves
11,0,1,1,2053,noite,Marco
21,0,0,0,8122,manha,Parque_Aves
16,1,0,1,5309,manha,Itaipu
21,0,0,1,18660,noite,Marco
29,1,0,1,16938,manha,Itaipu
32,1,0,0,18518,manha,Itaipu
25,1,1,0,16790,manha,Itaipu
28,1,0,1,10840,tarde,Itaipu
38,1,1,1,14292,manha,Itaipu
16,1,0,0,4982,manha,Itaipu
19,1,0,1,17459,tarde,Itaipu
21,1,1,0,1489,noite,Cataratas
36,1,0,1,11811,noite,Itaipu
22,0,1,1,1022,manha,Parque_Aves
37,1,0,1,16055,manha,Cataratas
26,0,1,1,5112,tarde,Parque_Aves
10,0,1,0,1620,noite,Marco
10,0,1,1,3578,noite,Marco
34,1,1,0,17683,noite,Itaipu
38,0,1,1,2434,noite,Cataratas
11,0,0,1,3894,noite,Marco
29,0,1,0,15027,noite,Marco
33,1,1,0,8124,noite,Itaipu
37,0,0,0,15390,noite,Marco
10,0,0,1,5832,manha,Parque_Aves
25,0,0,1,4955,manha,Parque_Aves
11,1,0,1,6563,manha,Itaipu
20,1,0,1,12539,tarde,Itaipu
28,0,1,0,15602,manha,Parque_Aves
36,0,1,1,638,manha,Cataratas
19,0,1,1,18615,noite,Marco
19,1,1,1,15574,manha,Itaipu
26,1,1,0,12457,tarde,Itaipu
24,0,0,0,17605,tarde,Parque_Aves
36,0,0,1,797,manha,Cataratas
27,1,1,0,9311,tarde,Itaipu
36,0,1,1,3173,tarde,Cataratas
31,0,1,1,2277,tarde,Cataratas
12,1,1,0,13887,manha,Itaipu
33,1,1,0,14426,noite,Itaipu
11,1,1,1,4931,manha,Cataratas
34,0,0,0,4800,noite,Marco
19,0,1,1,5416,tarde,Parque_Aves
37,0,0,1,14434,manha,Cataratas
30,0,0,1,19541,noite,Cataratas
28,0,1,0,6654,tarde,Parque_Aves
29,1,1,0,11630,noite,Itaipu
12,0,1,0,11742,tarde,Parque_Aves
10,1,0,1,9813,tarde,Itaipu
31,0,0,0,10540,tarde,Parque_Aves
23,1,0,0,18023,noite,Itaipu
18,0,1,1,19584,tarde,Parque_Aves
37,0,1,1,7116,noite,Cataratas
23,1,0,0,3350,manha,Itaipu
24,0,1,0,4211,manha,Parque_Aves
27,0,1,1,7542,manha,Parque_Aves
31,0,0,0,18871,noite,Marco
29,0,0,1,3119,manha,Cataratas
27,0,1,0,14868,tarde,Parque_Aves
15,0,1,1,2361,noite,Marco
29,0,0,0,11354,manha,Parque_Aves
17,0,1,0,15380,tarde,Parque_Aves
24,1,1,1,1737,noite,Cataratas
31,1,1,0,16261,manha,Itaipu
25,0,0,1,1703,tarde,Parque_Aves
23,0,0,1,12113,tarde,Parque_Aves
16,1,1,1,8629,manha,Itaipu
34,1,0,0,12982,manha,Itaipu
36,0,1,1,14450,tarde,Cataratas
32,0,0,0,8782,noite,Marco
35,1,0,0,4435,noite,Itaipu
32,0,1,0,17786,tarde,Parque_Aves
14,0,1,0,2626,manha,Parque_Aves
30,0,0,1,10402,tarde,Cataratas
23,0,0,1,4699,tarde,Parque_Aves
35,1,1,1,3748,manha,Itaipu
31,1,0,1,5721,manha,Itaipu
20,0,1,0,18636,manha,Parque_Aves
14,1,0,1,9669,noite,Itaipu
35,0,0,1,14174,manha,Cataratas
35,0,1,0,19200,tarde,Parque_Aves
20,1,0,1,10682,noite,Itaipu
25,0,0,0,17750,noite,Marco
38,0,1,0,6923,tarde,Parque_Aves
24,1,0,0,14496,tarde,Itaipu
26,1,1,0,4973,noite,Itaipu
22,1,0,0,17486,noite,Itaipu
29,0,0,1,7936,tarde,Cataratas
36,1,1,0,1775,manha,Itaipu
26,0,0,0,2658,manha,Parque_Aves
25,0,1,0,8781,manha,Parque_Aves
27,0,1,1,11404,noite,Marco
13,0,1,0,14010,noite,Marco
29,1,0,0,19001,manha,Itaipu
10,0,1,0,8131,noite,Marco
16,1,0,0,15840,manha,Itaipu
20,1,1,0,11521,noite,Itaipu
36,0,0,0,14386,tarde,Parque_Aves
37,1,0,0,2706,noite,Itaipu
23,1,0,0,5279,tarde,Itaipu
38,1,1,0,9211,manha,Cataratas
17,1,0,1,16166,noite,Itaipu
34,0,0,0,8441,tarde,Parque_Aves
37,0,1,0,14006,tarde,Parque_Aves
10,1,1,1,8437,tarde,Itaipu
30,1,0,0,4173,noite,Cataratas
36,0,1,1,5735,manha,Cataratas
27,0,1,1,1869,tarde,Parque_Aves
31,0,1,1,15215,manha,Cataratas
36,1,1,1,12653,manha,Itaipu
26,1,0,1,18705,manha,Itaipu
29,1,1,1,19739,manha,Itaipu
34,0,0,0,3292,noite,Marco
12,1,1,1,16748,noite,Itaipu
12,1,0,0,14903,manha,Cataratas
17,1,0,1,3968,tarde,Itaipu
19,1,1,0,18365,manha,Cataratas
35,0,0,0,15625,manha,Parque_Aves
11,1,0,0,19128,manha,Itaipu
33,0,1,1,7830,noite,Cataratas
13,0,0,0,10829,manha,Parque_Aves
28,1,0,0,2898,noite,Itaipu
19,1,1,0,16763,noite,Itaipu
24,0,0,0,11238,tarde,Parque_Aves
32,1,1,1,10258,tarde,Itaipu
27,1,1,1,10520,tarde,Cataratas
38,0,1,0,7909,tarde,Parque_Aves
37,1,1,1,10692,manha,Itaipu
11,0,0,0,1997,noite,Marco
19,1,1,0,4289,tarde,Itaipu
11,0,0,0,7750,manha,Parque_Aves
16,0,0,1,10050,manha,Parque_Aves
37,0,1,1,7491,manha,Cataratas
34,1,1,1,16485,manha,Itaipu
27,0,0,0,7830,manha,Parque_Aves
10,0,0,1,12616,tarde,Parque_Aves
17,0,1,0,12761,noite,Marco
20,1,1,1,14267,manha,Itaipu
38,0,0,1,15100,manha,Cataratas
12,0,1,1,7439,tarde,Parque_Aves
21,1,0,1,6261,tarde,Itaipu
36,0,1,0,17776,manha,Parque_Aves
36,0,0,0,8353,manha,Parque_Aves
27,1,0,0,13069,noite,Cataratas
26,0,1,1,1063,tarde,Parque_Aves
32,0,1,1,17583,noite,Cataratas
31,0,1,0,19751,tarde,Parque_Aves
25,0,1,1,19350,tarde,Parque_Aves
32,1,0,0,772,manha,Itaipu
21,1,0,1,1572,noite,Itaipu
12,1,1,0,3816,tarde,Itaipu
18,1,0,0,3158,noite,Itaipu
35,0,0,0,15356,tarde,Parque_Aves
35,0,1,1,3376,manha,Cataratas
36,0,1,1,17699,tarde,Cataratas
37,1,0,0,6552,manha,Itaipu
23,0,1,1,9327,noite,Marco
28,0,1,0,14461,noite,Marco
29,1,1,0,13001,noite,Cataratas
36,1,1,0,5874,tarde,Itaipu
26,0,0,1,12328,manha,Parque_Aves
29,1,1,1,3245,tarde,Itaipu
17,0,0,0,16557,noite,Marco
30,0,0,1,18141,tarde,Cataratas
34,0,0,1,19425,tarde,Cataratas
34,0,1,1,7663,tarde,Cataratas
17,1,1,0,14032,tarde,Itaipu
28,0,1,0,7928,tarde,Parque_Aves
34,1,0,0,3658,manha,Itaipu
12,1,1,0,17224,manha,Itaipu
33,1,1,1,16453,manha,Cataratas
30,0,0,0,5411,noite,Marco
25,0,0,0,16102,tarde,Parque_Aves
14,0,1,1,16525,manha,Parque_Aves
26,1,1,0,13362,tarde,Itaipu
11,1,1,1,9120,manha,Itaipu
35,0,1,1,1010,manha,Cataratas
27,0,1,0,5483,noite,Marco
36,1,1,0,14875,manha,Cataratas
32,1,1,0,3730,manha,Itaipu
13,0,1,0,15363,noite,Marco
15,0,0,1,17990,tarde,Parque_Aves
13,1,0,0,16422,tarde,Itaipu
32,0,1,1,3383,manha,Cataratas
38,1,0,0,10141,noite,Itaipu
16,1,0,1,12631,noite,Itaipu
32,0,1,1,5377,manha,Cataratas
22,1,1,0,6065,manha,Itaipu
15,0,1,0,17005,tarde,Parque_Aves
33,0,1,1,8586,manha,Cataratas
34,1,1,1,15754,manha,Itaipu
31,1,1,1,6158,tarde,Itaipu
29,1,1,0,2266,noite,Itaipu
28,1,0,0,8401,manha,Cataratas
20,0,1,1,15825,manha,Parque_Aves
24,1,1,1,8101,manha,Itaipu
23,1,0,1,11059,manha,Itaipu
25,1,1,0,6115,manha,Itaipu
37,0,0,0,11784,manha,Parque_Aves
32,1,0,1,3039,manha,Itaipu
19,1,1,1,19432,noite,Itaipu
32,0,0,0,16688,manha,Parque_Aves
26,0,1,0,15864,tarde,Parque_Aves
24,0,1,0,19334,noite,Marco
11,0,0,1,13245,noite,Marco
23,1,1,1,6868,noite,Itaipu
30,1,0,0,3681,noite,Cataratas
26,1,1,0,1266,manha,Cataratas
34,0,1,0,14181,noite,Marco
33,1,0,0,10690,manha,Itaipu
29,0,1,1,19535,noite,Cataratas
19,1,1,1,18338,manha,Itaipu
32,0,1,1,17278,noite,Cataratas
14,0,1,0,2311,manha,Parque_Aves
25,0,0,0,4898,tarde,Parque_Aves
22,0,0,0,836,manha,Parque_Aves
31,1,0,1,13539,manha,Itaipu
36,1,1,1,1656,noite,Itaipu
17,0,0,0,13414,manha,Parque_Aves
35,0,1,0,19047,tarde,Parque_Aves
19,1,1,0,10173,manha,Cataratas
19,1,0,0,1295,manha,Itaipu
36,1,1,1,15207,noite,Itaipu
34,0,1,1,5760,tarde,Cataratas
26,0,0,0,14339,tarde,Parque_Aves
20,1,1,0,14110,noite,Itaipu
34,1,0,1,12674,noite,Cataratas
28,1,0,1,10444,tarde,Itaipu
25,0,1,1,14591,noite,Marco
26,0,0,1,19885,noite,Marco
18,1,0,0,9589,tarde,Itaipu
23,1,1,0,11045,noite,Itaipu
35,1,0,0,5219,noite,Cataratas
16,1,1,1,13954,noite,Itaipu
20,1,0,1,9393,manha,Itaipu
21,1,0,1,1246,tarde,Itaipu
32,0,1,0,14196,noite,Marco
25,0,0,1,15426,tarde,Parque_Aves
14,1,1,1,4592,tarde,Itaipu
16,1,0,0,16115,manha,Cataratas
32,0,0,0,2836,noite,Marco
34,1,0,0,3510,tarde,Itaipu
16,1,0,1,11163,tarde,Cataratas
12,1,0,1,2545,manha,Itaipu
37,0,0,0,15379,noite,Marco
33,1,0,0,19587,manha,Itaipu
17,1,1,0,19337,manha,Itaipu
38,1,0,1,18973,tarde,Cataratas
10,0,1,0,11929,manha,Parque_Aves
13,1,0,0,1694,noite,Cataratas
13,1,0,0,15770,manha,Cataratas
29,0,1,1,15901,manha,Cataratas
12,1,0,0,11378,manha,Itaipu
24,0,0,0,14569,manha,Parque_Aves
38,1,1,1,14900,tarde,Cataratas
19,0,0,0,3106,noite,Marco
17,0,1,1,15256,tarde,Parque_Aves
13,1,0,1,8528,manha,Itaipu
31,0,0,1,17900,noite,Cataratas
34,1,0,1,3791,tarde,Itaipu
26,1,0,1,3679,manha,Itaipu
29,1,1,1,6498,tarde,Itaipu
19,1,0,1,2993,noite,Itaipu
16,0,1,0,8406,manha,Parque_Aves
26,1,1,1,17081,tarde,Itaipu
30,0,1,0,6021,tarde,Parque_Aves
24,1,0,0,17654,tarde,Cataratas
27,1,1,1,9313,tarde,Itaipu
35,1,0,0,17695,noite,Cataratas
15,0,0,0,6982,manha,Parque_Aves
10,0,0,1,14969,noite,Marco
16,1,1,1,7168,manha,Itaipu
30,1,0,0,16074,tarde,Itaipu
32,1,1,1,11136,noite,Itaipu
35,0,1,0,15303,manha,Parque_Aves
17,0,0,1,17055,tarde,Parque_Aves
22,0,1,1,11006,manha,Parque_Aves
29,0,1,0,15958,tarde,Parque_Aves
18,0,1,1,4909,tarde,Parque_Aves
25,0,0,1,10987,noite,Marco
11,0,1,1,19048,noite,Marco
17,0,1,1,2467,tarde,Parque_Aves
22,1,1,1,2827,manha,Itaipu
38,1,0,0,16095,tarde,Itaipu
26,1,0,1,13711,tarde,Itaipu
31,0,1,0,18664,manha,Parque_Aves
25,0,0,0,19297,noite,Marco
24,1,0,0,17944,tarde,Itaipu
11,0,0,1,11520,noite,Marco
11,0,1,1,6904,tarde,Parque_Aves
25,0,1,0,17208,noite,Marco
33,0,0,1,16632,noite,Cataratas
34,1,0,1,12445,tarde,Itaipu
28,1,1,0,13484,noite,Itaipu
30,0,1,1,12725,noite,Cataratas
30,0,0,0,7162,manha,Parque_Aves
33,0,1,0,14581,tarde,Parque_Aves
29,0,1,0,3545,tarde,Parque_Aves
38,1,1,1,5847,noite,Itaipu
28,0,0,0,11432,noite,Marco
31,1,1,1,14447,noite,Itaipu
22,1,0,1,16983,manha,Itaipu
24,1,0,0,7898,manha,Itaipu
29,1,0,1,17115,noite,Itaipu
15,1,1,1,2505,tarde,Itaipu
14,0,0,0,4806,manha,Parque_Aves
25,0,1,1,2084,tarde,Parque_Aves
11,1,0,1,2926,noite,Itaipu
25,1,0,1,1090,tarde,Cataratas
24,0,0,0,788,manha,Parque_Aves
19,0,1,1,4820,manha,Parque_Aves
10,1,0,1,7675,noite,Itaipu
20,1,1,1,15765,noite,Itaipu
38,1,0,0,17244,noite,Itaipu
30,1,0,1,1939,manha,Itaipu
22,1,1,0,14048,tarde,Itaipu
18,0,1,1,19439,noite,Marco
28,0,1,1,1137,tarde,Parque_Aves
26,0,1,0,3134,manha,Parque_Aves
33,0,0,0,10936,tarde,Parque_Aves
20,1,1,0,3299,noite,Itaipu
14,1,0,0,19970,noite,Cataratas
13,1,0,0,12476,noite,Cataratas
25,0,0,0,4951,noite,Marco
20,1,1,0,14111,noite,Itaipu
12,0,0,1,13973,noite,Marco
38,0,1,0,19783,tarde,Parque_Aves
34,1,1,0,8510,noite,Itaipu
14,0,1,1,14373,noite,Marco
20,0,1,1,18244,manha,Parque_Aves
27,0,0,0,7004,noite,Marco
19,0,1,0,9732,noite,Marco
27,1,0,0,18796,manha,Itaipu
28,0,1,1,13554,noite,Marco
10,0,0,1,19558,noite,Marco
20,1,0,0,7147,tarde,Itaipu
20,1,1,1,16975,manha,Itaipu
10,0,1,1,10950,manha,Parque_Aves
16,1,0,0,3833,tarde,Cataratas
35,1,0,1,9021,noite,Itaipu
18,1,1,0,16079,tarde,Itaipu
24,1,0,1,19942,noite,Itaipu
19,1,0,1,4826,noite,Itaipu
36,0,1,1,11717,noite,Cataratas
17,1,0,0,15963,tarde,Cataratas
10,0,0,1,18249,tarde,Parque_Aves
29,0,0,0,10381,manha,Parque_Aves
37,0,0,0,19944,noite,Marco
18,0,1,1,17687,tarde,Parque_Aves
18,1,0,0,14552,noite,Itaipu
33,0,0,0,19289,tarde,Parque_Aves
23,1,0,1,9486,tarde,Itaipu
17,0,1,1,4601,noite,Marco
12,0,0,1,12289,manha,Parque_Aves
27,0,0,1,13483,manha,Parque_Aves
25,0,1,1,17808,tarde,Parque_Aves
30,1,1,0,10521,tarde,Itaipu
27,1,0,0,17292,tarde,Itaipu
18,0,0,1,15590,noite,Marco
25,1,0,1,17412,manha,Itaipu
23,1,1,1,19484,noite,Itaipu
18,1,0,1,1364,manha,Cataratas
31,0,1,0,8234,tarde,Parque_Aves
19,1,0,1,6692,noite,Itaipu
17,0,1,1,13382,tarde,Parque_Aves
24,1,1,1,15465,noite,Itaipu
37,0,0,1,19431,manha,Cataratas
12,0,1,1,2609,noite,Marco
23,0,0,0,2145,tarde,Parque_Aves
13,0,1,0,1356,noite,Marco
14,1,1,1,18508,noite,Cataratas
36,0,0,0,11844,tarde,Parque_Aves
34,1,1,1,5889,noite,Itaipu
19,1,1,0,13965,tarde,Itaipu
24,1,1,1,7731,tarde,Itaipu
27,1,0,1,7434,noite,Itaipu
32,1,1,0,15822,tarde,Itaipu
10,0,1,0,4921,noite,Marco
18,1,1,0,5606,manha,Itaipu
27,0,0,0,9640,tarde,Parque_Aves
24,1,0,0,10445,tarde,Cataratas
12,0,1,0,12561,tarde,Parque_Aves
29,0,1,1,1227,noite,Cataratas
20,0,0,0,15302,manha,Parque_Aves
28,1,1,0,16290,manha,Itaipu
11,0,0,1,1665,tarde,Parque_Aves
22,1,0,0,13471,noite,Itaipu
23,1,1,0,1529,manha,Itaipu
15,1,0,1,10230,noite,Itaipu
23,1,1,0,19306,manha,Itaipu
15,0,1,1,13807,manha,Parque_Aves
26,0,0,1,12984,manha,Parque_Aves
37,1,0,1,2732,noite,Cataratas
33,0,0,1,17553,tarde,Cataratas
38,1,1,0,4534,noite,Itaipu
16,1,0,1,9890,tarde,Itaipu
33,1,1,1,1851,tarde,Itaipu
31,1,0,1,19625,manha,Cataratas
22,0,1,0,1772,noite,Marco
36,0,0,1,3200,noite,Cataratas
21,1,1,1,15212,manha,Itaipu
20,1,0,1,8107,noite,Itaipu
26,1,0,1,18541,tarde,Itaipu
10,0,0,1,10493,tarde,Parque_Aves
29,1,1,1,7336,tarde,Itaipu
12,0,1,1,10958,noite,Marco
15,0,0,1,18666,noite,Marco
18,0,1,1,1674,noite,Marco
22,0,1,0,14215,tarde,Parque_Aves
30,1,0,1,15452,noite,Cataratas
15,1,0,0,19354,manha,Itaipu
34,0,0,1,3265,noite,Cataratas
17,1,1,0,17522,manha,Itaipu
36,0,0,1,14173,noite,Cataratas
35,1,1,0,14657,manha,Itaipu
35,0,0,0,2882,noite,Marco
35,0,0,1,19154,noite,Cataratas
24,1,0,1,18961,noite,Itaipu
26,0,1,1,5754,manha,Parque_Aves
27,0,1,1,11142,tarde,Parque_Aves
31,0,1,1,10412,tarde,Cataratas
30,0,0,0,13814,noite,Marco
15,0,0,1,5494,noite,Marco
19,0,0,1,17496,tarde,Parque_Aves
15,0,0,0,3900,noite,Marco
13,1,0,1,15124,tarde,Itaipu
30,1,0,1,7372,manha,Itaipu
30,1,0,1,16585,tarde,Itaipu
23,1,0,1,12499,noite,Itaipu
15,1,1,0,8866,noite,Itaipu
15,0,0,0,1834,noite,Marco
22,0,0,1,16515,noite,Marco
37,0,1,0,7467,tarde,Parque_Aves
20,0,1,0,3185,tarde,Parque_Aves
18,1,0,1,7795,manha,Itaipu
13,1,1,0,14359,noite,Cataratas
16,0,1,0,12515,noite,Marco
35,0,1,1,11884,noite,Cataratas
23,1,1,1,15426,tarde,Itaipu
23,0,0,1,3098,tarde,Parque_Aves
17,0,1,1,12147,noite,Marco
32,0,1,0,9973,manha,Parque_Aves
36,0,0,0,12195,tarde,Parque_Aves
32,0,1,1,1986,noite,Cataratas
29,1,0,0,13421,tarde,Itaipu
34,1,1,1,4336,noite,Cataratas
30,0,0,0,18178,manha,Parque_Aves
10,1,0,1,19014,manha,Cataratas
38,0,0,0,12019,manha,Parque_Aves
38,0,1,0,7610,noite,Marco
29,1,1,1,15063,manha,Itaipu
27,0,1,1,5102,noite,Marco
35,1,0,1,1743,tarde,Itaipu
37,0,1,0,11374,noite,Marco
12,0,0,0,17788,manha,Parque_Aves
35,0,1,0,9910,manha,Parque_Aves
32,1,1,0,17691,noite,Itaipu
27,0,1,1,9988,manha,Parque_Aves
31,0,0,1,15161,noite,Cataratas
18,0,1,1,17288,tarde,Parque_Aves
27,0,1,1,6408,manha,Parque_Aves
26,0,0,1,2103,manha,Parque_Aves
16,0,0,1,8191,tarde,Parque_Aves
22,0,1,0,5331,manha,Parque_Aves
26,1,1,1,6458,tarde,Itaipu
36,0,1,0,6959,noite,Marco
30,0,0,1,13683,manha,Cataratas
11,0,0,1,8654,noite,Marco
17,1,0,1,10594,tarde,Itaipu
34,0,1,1,15234,tarde,Cataratas
11,0,1,1,6424,tarde,Parque_Aves
23,0,1,1,13959,noite,Marco
18,1,0,0,9599,noite,Itaipu
18,0,1,1,18449,manha,Parque_Aves
10,0,1,0,16990,manha,Parque_Aves
16,0,0,1,19305,manha,Parque_Aves
11,0,1,0,15872,noite,Marco
12,0,0,0,15352,manha,Parque_Aves
18,1,1,0,3224,tarde,Itaipu
30,0,1,1,18826,manha,Cataratas
20,1,1,0,5621,tarde,Itaipu
27,0,0,0,17801,manha,Parque_Aves
10,0,1,0,2293,noite,Marco
36,1,0,0,5868,tarde,Cataratas
13,1,1,0,1589,noite,Itaipu
20,0,0,1,6598,tarde,Parque_Aves
25,1,0,1,18931,noite,Itaipu
37,1,0,0,17753,noite,Cataratas
38,0,0,0,16006,manha,Parque_Aves
30,0,1,1,11028,noite,Cataratas
25,0,1,1,12978,tarde,Parque_Aves
34,0,0,1,13240,manha,Cataratas
34,0,1,0,8135,manha,Parque_Aves
23,0,1,0,13991,manha,Parque_Aves
11,0,1,1,4761,noite,Marco
19,1,1,1,13853,tarde,Itaipu
26,0,0,0,8208,tarde,Parque_Aves
15,0,0,1,9833,manha,Parque_Aves
38,0,0,1,2923,noite,Cataratas
13,1,0,1,4093,manha,Itaipu
32,0,1,1,6050,noite,Cataratas
18,0,1,0,16501,manha,Parque_Aves
28,1,1,0,15062,manha,Cataratas
20,1,1,1,3738,tarde,Itaipu
38,1,1,0,1728,manha,Itaipu
19,1,1,0,6627,noite,Itaipu
30,1,1,1,10039,manha,Itaipu
16,1,1,0,18705,tarde,Itaipu
33,0,0,0,19856,noite,Marco
34,1,0,1,9586,noite,Cataratas
25,0,0,1,4281,tarde,Parque_Aves
11,1,0,1,1648,noite,Itaipu
19,0,1,1,17885,noite,Marco
17,1,0,0,15157,manha,Itaipu
18,1,0,1,7823,tarde,Itaipu
36,0,1,0,3915,manha,Parque_Aves
11,1,1,0,19127,tarde,Itaipu
27,1,1,0,13297,tarde,Cataratas
14,0,1,1,16998,tarde,Parque_Aves
32,1,1,1,3780,noite,Cataratas
31,0,0,0,3511,tarde,Parque_Aves
13,0,0,0,8289,noite,Marco
35,1,1,1,13200,manha,Itaipu
14,1,1,0,5941,tarde,Itaipu
10,1,0,1,16376,tarde,Cataratas
15,0,1,0,18356,noite,Marco
22,1,0,1,3406,tarde,Cataratas
32,1,0,1,1770,tarde,Itaipu
26,0,0,0,12483,noite,Marco
13,1,1,1,2332,manha,Cataratas
15,1,0,1,12202,noite,Itaipu
20,0,0,1,12459,noite,Marco
30,1,1,0,1335,manha,Itaipu
30,1,1,0,16189,tarde,Itaipu
25,0,0,0,15609,noite,Marco
23,1,0,1,15629,tarde,Cataratas
28,0,1,0,17351,manha,Parque_Aves
34,1,1,1,7715,manha,Cataratas
18,1,0,1,13270,noite,Itaipu
24,1,0,0,14687,noite,Itaipu
30,0,0,1,1627,noite,Cataratas
34,0,0,0,16773,tarde,Parque_Aves
15,1,1,0,8655,noite,Itaipu
36,0,0,0,1631,tarde,Parque_Aves
10,0,0,0,7411,manha,Parque_Aves
18,0,1,1,13053,tarde,Parque_Aves
32,1,1,0,4222,noite,Itaipu
14,0,1,0,12166,manha,Parque_Aves
12,0,1,0,17656,noite,Marco
21,0,1,0,14191,noite,Marco
15,1,0,1,19140,tarde,Itaipu
10,0,0,0,19883,tarde,Parque_Aves
17,1,0,1,9523,tarde,Itaipu
23,1,1,0,13957,manha,Cataratas
14,0,1,1,19674,tarde,Parque_Aves
16,1,1,1,19095,noite,Itaipu
13,1,0,1,19171,tarde,Itaipu
28,0,0,0,4032,noite,Marco
27,0,0,0,16770,noite,Marco
21,0,0,1,3140,manha,Parque_Aves
15,0,1,1,6360,tarde,Parque_Aves
37,1,0,1,9780,manha,Itaipu
35,0,1,1,3929,manha,Cataratas
16,1,0,1,6743,manha,Itaipu
13,1,0,1,3696,manha,Itaipu
33,0,0,0,3555,manha,Parque_Aves
18,1,0,0,17400,manha,Cataratas
11,1,1,1,1445,tarde,Itaipu
18,0,1,0,14756,tarde,Parque_Aves
28,1,1,0,551,manha,Itaipu
11,1,0,1,13604,manha,Itaipu
11,0,1,0,11817,manha,Parque_Aves
14,1,0,1,17712,noite,Itaipu
33,1,1,1,6705,tarde,Itaipu
27,1,0,0,10405,manha,Itaipu
29,1,0,0,596,noite,Itaipu
12,1,1,1,1379,noite,Itaipu
27,0,0,0,7825,tarde,Parque_Aves
36,1,1,0,11740,manha,Cataratas
33,1,1,1,10099,tarde,Itaipu
18,1,0,1,3619,tarde,Itaipu
32,1,1,1,15590,tarde,Itaipu
17,1,1,1,17419,tarde,Itaipu
15,1,0,1,752,tarde,Itaipu
38,0,0,1,7319,manha,Cataratas
27,0,1,1,15142,manha,Parque_Aves
28,0,1,0,11135,tarde,Parque_Aves
19,1,1,1,19864,tarde,Cataratas
36,0,0,0,7913,tarde,Parque_Aves
29,1,0,1,13560,manha,Itaipu
21,1,0,0,5070,noite,Cataratas
13,0,0,0,7546,tarde,Parque_Aves
10,0,1,0,17179,noite,Marco
14,1,1,0,19471,tarde,Itaipu
38,0,1,0,1001,noite,Marco
17,1,0,0,19222,tarde,Itaipu
15,1,0,0,16797,manha,Cataratas
27,1,1,0,901,manha,Cataratas
25,1,0,1,14509,tarde,Cataratas
22,1,0,1,1957,manha,Itaipu
14,0,0,1,16350,tarde,Parque_Aves
29,1,1,0,947,manha,Itaipu
37,1,1,0,15222,noite,Itaipu
12,0,1,0,6539,tarde,Parque_Aves
36,1,1,0,9607,manha,Itaipu
33,0,1,0,10146,tarde,Parque_Aves
15,0,1,1,3266,tarde,Parque_Aves
23,1,1,0,13509,manha,Cataratas
26,1,0,0,3205,tarde,Itaipu
34,0,1,0,1891,manha,Parque_Aves
31,1,0,1,17956,manha,Cataratas
31,1,0,0,5487,tarde,Itaipu
10,0,0,0,9964,noite,Marco
35,1,1,0,18210,noite,Itaipu
25,1,0,1,16350,noite,Itaipu
12,0,0,0,10391,noite,Marco
24,0,1,0,2946,tarde,Parque_Aves
23,0,1,0,9092,noite,Marco
27,1,0,0,2277,tarde,Itaipu
24,1,0,1,14733,manha,Itaipu
22,0,0,0,4185,tarde,Parque_Aves
21,0,1,0,10335,tarde,Parque_Aves
28,0,0,1,12065,noite,Marco
22,0,1,1,10305,manha,Parque_Aves
23,0,0,0,9889,manha,Parque_Aves
19,1,1,0,19149,tarde,Itaipu
34,0,0,0,10614,noite,Marco
36,1,1,1,566,tarde,Cataratas
17,1,0,0,2013,manha,Itaipu
19,1,0,0,15591,manha,Itaipu
31,1,1,1,11317,noite,Itaipu
31,0,1,1,17226,tarde,Cataratas
26,1,1,0,19455,tarde,Itaipu
18,1,0,0,742,manha,Cataratas
19,1,1,1,16911,tarde,Itaipu
17,0,1,1,5381,tarde,Parque_Aves
27,0,0,1,4076,tarde,Parque_Aves
37,0,1,0,14535,manha,Parque_Aves
29,0,1,0,4541,noite,Marco
30,0,1,0,3737,noite,Marco
26,1,1,0,6506,tarde,Itaipu
27,0,1,0,15996,noite,Marco
21,0,0,0,1987,manha,Parque_Aves
21,1,0,1,4839,manha,Itaipu
11,1,1,1,7055,tarde,Itaipu
33,0,0,1,16764,noite,Cataratas
31,0,0,1,18664,noite,Cataratas
10,0,0,0,16856,tarde,Parque_Aves
26,1,0,1,4309,noite,Itaipu
18,1,0,0,19628,noite,Itaipu
22,0,0,1,2528,manha,Parque_Aves
12,0,0,1,16849,noite,Marco
10,1,0,0,11707,manha,Cataratas
10,1,1,0,15826,manha,Itaipu
16,0,1,1,5528,manha,Parque_Aves
30,0,0,0,11353,tarde,Parque_Aves
38,1,1,0,19839,manha,Itaipu
28,0,0,0,11265,noite,Marco
12,1,1,1,13398,tarde,Itaipu
13,0,0,1,6700,tarde,Parque_Aves
18,1,1,0,17337,manha,Itaipu
17,1,0,0,17568,manha,Itaipu
14,1,0,1,16469,manha,Itaipu
11,1,0,0,16237,noite,Cataratas
32,1,1,1,13499,manha,Cataratas
25,1,1,1,16602,manha,Itaipu
11,1,0,1,6962,manha,Itaipu
27,0,1,1,2510,tarde,Parque_Aves
16,1,1,0,14073,tarde,Itaipu
38,1,0,0,800,tarde,Itaipu
28,0,0,1,10239,manha,Parque_Aves
24,1,1,0,19731,noite,Itaipu
31,0,0,1,11925,noite,Cataratas
34,0,1,0,18795,tarde,Parque_Aves
10,0,0,1,11154,manha,Parque_Aves
16,1,0,0,1145,noite,Cataratas
23,0,1,1,9332,noite,Marco
36,0,1,0,6415,tarde,Parque_Aves
22,0,1,1,1046,tarde,Parque_Aves
18,1,1,1,2870,noite,Itaipu
30,1,0,0,15811,manha,Itaipu
34,0,0,1,9392,noite,Cataratas
28,1,0,1,3100,manha,Itaipu
18,1,1,0,16281,tarde,Itaipu
32,1,1,0,5660,manha,Itaipu
19,1,1,0,15437,manha,Itaipu
32,0,1,0,4910,tarde,Parque_Aves
14,1,1,1,4312,noite,Itaipu
32,1,1,1,2963,tarde,Itaipu
34,1,1,1,17218,noite,Itaipu
21,0,0,1,17964,manha,Parque_Aves
27,1,1,1,19385,tarde,Itaipu
21,0,1,1,6800,manha,Parque_Aves
25,1,1,1,1749,tarde,Itaipu
13,0,0,1,16787,tarde,Parque_Aves
11,1,0,0,4908,tarde,Itaipu
36,1,0,1,10952,noite,Itaipu
16,0,1,0,18098,noite,Marco
30,1,1,1,7280,tarde,Itaipu
11,1,0,0,15949,manha,Itaipu
13,1,1,1,10312,noite,Cataratas
25,1,1,0,4920,noite,Itaipu
10,1,0,0,13108,manha,Itaipu
38,1,0,0,1907,tarde,Itaipu
30,1,1,0,7704,noite,Cataratas
15,0,0,0,6373,tarde,Parque_Aves
32,1,0,0,7113,tarde,Cataratas
21,1,1,0,15866,manha,Cataratas
27,0,1,0,4694,tarde,Parque_Aves
18,1,1,1,8609,tarde,Itaipu
25,1,1,0,1809,tarde,Itaipu
38,1,1,0,2865,noite,Itaipu
29,0,1,0,10541,manha,Parque_Aves
23,1,1,1,18164,manha,Itaipu
14,1,0,0,18484,manha,Itaipu
31,1,1,1,9006,manha,Cataratas
11,0,0,1,17475,tarde,Parque_Aves
18,0,0,0,4618,manha,Parque_Aves
26,0,1,1,11863,noite,Marco
13,1,0,0,2005,tarde,Itaipu
18,1,0,0,13824,tarde,Cataratas
33,1,1,0,7335,manha,Itaipu
13,0,0,1,14400,tarde,Parque_Aves
38,0,0,1,17615,noite,Cataratas
21,0,1,0,11198,manha,Parque_Aves
34,1,0,0,6796,tarde,Itaipu
38,1,0,1,6658,manha,Itaipu
12,1,0,0,15418,manha,Itaipu
11,1,1,1,6440,noite,Itaipu
33,0,1,0,11415,manha,Parque_Aves
34,0,1,0,861,manha,Parque_Aves
29,0,0,1,13595,manha,Cataratas
25,0,0,0,14542,noite,Marco
20,1,0,1,9529,tarde,Itaipu
31,0,1,1,19113,noite,Cataratas
36,0,1,1,13685,tarde,Cataratas
11,1,1,1,19913,tarde,Itaipu
13,1,1,0,15758,noite,Itaipu
28,1,1,0,14711,manha,Itaipu
12,1,0,0,7007,tarde,Itaipu
23,1,0,1,12999,noite,Itaipu
22,1,0,0,15888,tarde,Itaipu
14,1,1,0,2841,noite,Cataratas
22,0,1,1,5594,noite,Marco
13,1,0,1,4211,noite,Itaipu
24,0,1,1,10798,noite,Marco
33,0,1,0,13990,tarde,Parque_Aves
23,0,0,1,13120,noite,Marco
14,1,1,0,4168,noite,Itaipu
35,0,1,1,17750,tarde,Cataratas
37,1,0,0,8850,manha,Itaipu
10,0,1,1,17333,noite,Marco
23,0,1,0,1398,manha,Parque_Aves
21,1,0,0,1463,tarde,Itaipu
25,0,1,0,10072,tarde,Parque_Aves
30,1,0,0,7277,noite,Itaipu
35,1,0,0,18465,tarde,Cataratas
24,0,1,0,17971,tarde,Parque_Aves
38,0,1,1,6159,manha,Cataratas
15,0,0,1,11780,tarde,Parque_Aves
27,0,1,1,6075,tarde,Parque_Aves
20,1,1,0,15949,manha,Itaipu
18,1,0,0,10705,manha,Itaipu
20,0,1,1,7990,noite,Marco
18,1,0,0,9606,manha,Itaipu
20,0,0,0,14542,tarde,Parque_Aves
32,1,0,1,3679,noite,Itaipu
27,0,0,0,18781,manha,Parque_Aves
28,0,0,1,9388,manha,Parque_Aves
20,0,1,0,10167,manha,Parque_Aves
22,0,1,0,3657,tarde,Parque_Aves
11,0,1,0,16988,manha,Parque_Aves
28,1,0,1,11291,manha,Itaipu
21,1,0,0,4714,noite,Cataratas
13,1,1,0,8324,noite,Itaipu
22,1,0,1,17763,noite,Itaipu
35,0,0,1,1729,noite,Cataratas
37,1,1,1,4898,manha,Itaipu
12,1,0,1,19556,manha,Cataratas
21,0,1,0,3461,noite,Marco
25,0,1,1,16449,tarde,Parque_Aves
35,1,0,0,15129,manha,Cataratas
19,1,0,0,15291,tarde,Itaipu
17,0,0,1,10197,noite,Marco
33,1,1,0,4752,tarde,Itaipu
30,0,0,0,9277,noite,Marco
14,1,0,0,15477,manha,Itaipu
22,0,0,1,4759,tarde,Parque_Aves
34,0,0,0,12319,manha,Parque_Aves
13,1,0,0,5239,manha,Itaipu
26,0,0,1,11080,tarde,Parque_Aves
30,0,1,1,8709,manha,Cataratas
16,1,0,1,4326,manha,Itaipu
32,0,0,1,11379,tarde,Cataratas
27,1,1,1,9133,tarde,Itaipu
16,0,1,1,8381,tarde,Parque_Aves
29,1,1,1,19568,manha,Itaipu
28,0,1,1,3530,tarde,Parque_Aves
30,1,0,1,3182,noite,Itaipu
19,0,0,0,637,tarde,Parque_Aves
38,0,1,0,1358,tarde,Parque_Aves
10,0,0,0,2089,tarde,Parque_Aves
31,0,0,0,7218,noite,Marco
20,0,1,0,1217,tarde,Parque_Aves
27,0,1,1,14746,manha,Parque_Aves
20,0,0,0,17010,manha,Parque_Aves
16,0,1,1,8766,noite,Marco
32,0,0,1,18301,noite,Cataratas
13,0,0,0,4879,tarde,Parque_Aves
29,0,0,0,2340,noite,Marco
11,1,1,0,12762,manha,Itaipu
13,1,0,1,19456,tarde,Itaipu
27,1,0,1,8992,noite,Itaipu
27,1,1,1,15096,manha,Itaipu
30,1,0,1,12367,noite,Itaipu
16,1,0,0,18396,manha,Itaipu
38,1,1,1,17180,manha,Itaipu
19,0,1,1,18379,noite,Marco
24,0,1,1,8880,tarde,Parque_Aves
21,1,0,0,1264,tarde,Cataratas
15,1,1,1,9185,noite,Itaipu
25,1,0,1,19608,noite,Cataratas
25,0,1,0,14657,manha,Parque_Aves
30,1,0,1,5809,tarde,Itaipu
13,1,1,1,10437,noite,Itaipu
15,1,0,0,2041,noite,Itaipu
29,0,1,0,508,manha,Parque_Aves
19,1,0,0,15181,tarde,Itaipu
20,0,1,1,10587,manha,Parque_Aves
37,0,1,1,10152,tarde,Cataratas
20,1,0,1,8088,noite,Itaipu
36,1,0,1,11950,manha,Cataratas
13,1,1,0,10103,tarde,Itaipu
26,0,0,1,17968,tarde,Parque_Aves
38,0,1,0,4017,manha,Parque_Aves
22,0,1,1,19894,tarde,Parque_Aves
21,0,1,0,937,noite,Marco
26,1,0,0,17738,tarde,Itaipu
31,0,0,1,12992,manha,Cataratas
20,1,0,0,5025,manha,Itaipu
35,0,1,1,18207,tarde,Cataratas
18,1,0,1,16412,manha,Itaipu
34,0,0,1,5796,noite,Cataratas
22,0,1,0,8698,tarde,Parque_Aves
32,0,1,1,13863,manha,Cataratas
19,1,0,1,10602,tarde,Itaipu
38,0,1,1,5493,manha,Cataratas
26,1,0,1,756,noite,Cataratas
37,0,1,0,3572,tarde,Parque_Aves
24,1,0,1,14866,noite,Itaipu
25,1,0,1,18309,tarde,Itaipu
12,1,1,0,12405,noite,Itaipu
22,0,1,1,5693,noite,Marco
10,1,1,0,7977,noite,Itaipu
28,0,1,0,7821,noite,Marco
38,1,1,0,1590,manha,Itaipu
10,1,1,1,3212,noite,Itaipu
17,1,0,1,9896,noite,Itaipu
28,0,0,1,5467,noite,Marco
27,0,1,1,9269,manha,Parque_Aves
17,0,1,1,18263,manha,Parque_Aves
19,1,1,1,8658,manha,Itaipu
24,0,0,0,7550,tarde,Parque_Aves
32,1,0,0,5130,noite,Itaipu
36,1,0,1,8817,tarde,Itaipu
32,1,0,1,14483,tarde,Cataratas
24,0,0,0,10319,manha,Parque_Aves
13,0,1,0,3794,tarde,Parque_Aves
32,1,1,0,3567,noite,Itaipu
23,0,0,1,4501,noite,Marco
22,1,0,1,5497,manha,Itaipu
21,1,1,1,2522,tarde,Cataratas
14,1,0,1,15073,manha,Itaipu
20,0,0,0,2563,manha,Parque_Aves
18,0,0,0,18541,noite,Marco
